/*==============================================================*/
/* geographic data                                              */
/*==============================================================*/
SET IDENTITY_INSERT country ON;
INSERT INTO country (country_id, short_name, eng_name, sec_name, is_enabled, maint_site) VALUES (1, 'CHN', 'China','中国', 0, NULL);
INSERT INTO country (country_id, short_name, eng_name, sec_name, is_enabled, maint_site) VALUES (2, 'ARE', 'United Arab Emirates','阿拉伯联合酋长国', 0, NULL);
INSERT INTO country (country_id, short_name, eng_name, sec_name, is_enabled, maint_site) VALUES (3, 'BHR', 'Bahrain','巴林', 0, NULL);
INSERT INTO country (country_id, short_name, eng_name, sec_name, is_enabled, maint_site) VALUES (4, 'DZA', 'Algeria','阿尔及利亚', 0, NULL);
INSERT INTO country (country_id, short_name, eng_name, sec_name, is_enabled, maint_site) VALUES (5, 'EGY', 'Egypt','埃及', 0, NULL);
INSERT INTO country (country_id, short_name, eng_name, sec_name, is_enabled, maint_site) VALUES (6, 'IRQ', 'Iraq','伊拉克', 0, NULL);
INSERT INTO country (country_id, short_name, eng_name, sec_name, is_enabled, maint_site) VALUES (7, 'JOR', 'Jordan','约旦', 0, NULL);
INSERT INTO country (country_id, short_name, eng_name, sec_name, is_enabled, maint_site) VALUES (8, 'KWT', 'Kuwait','科威特', 0, NULL);
INSERT INTO country (country_id, short_name, eng_name, sec_name, is_enabled, maint_site) VALUES (9, 'LBN', 'Lebanon','黎巴嫩', 0, NULL);
INSERT INTO country (country_id, short_name, eng_name, sec_name, is_enabled, maint_site) VALUES (10, 'LBY', 'Libya','利比亚', 0, NULL);
INSERT INTO country (country_id, short_name, eng_name, sec_name, is_enabled, maint_site) VALUES (11, 'MAR', 'Morocco','摩洛哥', 0, NULL);
INSERT INTO country (country_id, short_name, eng_name, sec_name, is_enabled, maint_site) VALUES (12, 'OMN', 'Oman','阿曼', 0, NULL);
INSERT INTO country (country_id, short_name, eng_name, sec_name, is_enabled, maint_site) VALUES (13, 'QAT', 'Qatar','卡塔尔', 0, NULL);
INSERT INTO country (country_id, short_name, eng_name, sec_name, is_enabled, maint_site) VALUES (14, 'SAU', 'Saudi Arabia','沙特阿拉伯', 0, NULL);
INSERT INTO country (country_id, short_name, eng_name, sec_name, is_enabled, maint_site) VALUES (15, 'SDN', 'Sudan','苏丹', 0, NULL);
INSERT INTO country (country_id, short_name, eng_name, sec_name, is_enabled, maint_site) VALUES (16, 'SYR', 'Syria','叙利亚', 0, NULL);
INSERT INTO country (country_id, short_name, eng_name, sec_name, is_enabled, maint_site) VALUES (17, 'TUN', 'Tunisia','突尼斯', 0, NULL);
INSERT INTO country (country_id, short_name, eng_name, sec_name, is_enabled, maint_site) VALUES (18, 'YEM', 'Yemen','也门', 0, NULL);
INSERT INTO country (country_id, short_name, eng_name, sec_name, is_enabled, maint_site) VALUES (19, 'IND', 'India','印度', 0, NULL);
INSERT INTO country (country_id, short_name, eng_name, sec_name, is_enabled, maint_site) VALUES (20, 'ISR', 'Israel','以色列', 0, NULL);
INSERT INTO country (country_id, short_name, eng_name, sec_name, is_enabled, maint_site) VALUES (21, 'JPN', 'Japan','日本', 0, NULL);
INSERT INTO country (country_id, short_name, eng_name, sec_name, is_enabled, maint_site) VALUES (22, 'KOR', 'South Korea','南朝鲜', 0, NULL);
INSERT INTO country (country_id, short_name, eng_name, sec_name, is_enabled, maint_site) VALUES (23, 'THA', 'Thailand','泰国', 0, NULL);
INSERT INTO country (country_id, short_name, eng_name, sec_name, is_enabled, maint_site) VALUES (24, 'THA', 'Thailand','泰国', 0, NULL);
INSERT INTO country (country_id, short_name, eng_name, sec_name, is_enabled, maint_site) VALUES (25, 'VNM', 'Vietnam','越南', 0, NULL);
INSERT INTO country (country_id, short_name, eng_name, sec_name, is_enabled, maint_site) VALUES (26, 'BLR', 'Belarus','白俄罗斯', 0, NULL);
INSERT INTO country (country_id, short_name, eng_name, sec_name, is_enabled, maint_site) VALUES (27, 'BGR', 'Bulgaria','保加利亚', 0, NULL);
INSERT INTO country (country_id, short_name, eng_name, sec_name, is_enabled, maint_site) VALUES (28, 'ESP', 'Spain','西班牙', 0, NULL);
INSERT INTO country (country_id, short_name, eng_name, sec_name, is_enabled, maint_site) VALUES (29, 'CZE', 'Czech Republic','捷克共和国', 0, NULL);
INSERT INTO country (country_id, short_name, eng_name, sec_name, is_enabled, maint_site) VALUES (30, 'DNK', 'Denmark','丹麦', 0, NULL);
INSERT INTO country (country_id, short_name, eng_name, sec_name, is_enabled, maint_site) VALUES (31, 'AUT', 'Austria','奥地利', 0, NULL);
INSERT INTO country (country_id, short_name, eng_name, sec_name, is_enabled, maint_site) VALUES (32, 'CHE', 'Switzerland','瑞士', 0, NULL);
INSERT INTO country (country_id, short_name, eng_name, sec_name, is_enabled, maint_site) VALUES (33, 'DEU', 'Germany','德国', 0, NULL);
INSERT INTO country (country_id, short_name, eng_name, sec_name, is_enabled, maint_site) VALUES (34, 'LUX', 'Luxembourg','卢森堡', 0, NULL);
INSERT INTO country (country_id, short_name, eng_name, sec_name, is_enabled, maint_site) VALUES (35, 'GRC', 'Greece','希腊', 0, NULL);
INSERT INTO country (country_id, short_name, eng_name, sec_name, is_enabled, maint_site) VALUES (36, 'AUS', 'Australia','澳大利亚', 0, NULL);
INSERT INTO country (country_id, short_name, eng_name, sec_name, is_enabled, maint_site) VALUES (37, 'CAN', 'Canada','加拿大', 0, NULL);
INSERT INTO country (country_id, short_name, eng_name, sec_name, is_enabled, maint_site) VALUES (38, 'GBR', 'United Kingdom','英国', 0, NULL);
INSERT INTO country (country_id, short_name, eng_name, sec_name, is_enabled, maint_site) VALUES (39, 'IRL', 'Ireland','爱尔兰', 0, NULL);
INSERT INTO country (country_id, short_name, eng_name, sec_name, is_enabled, maint_site) VALUES (40, 'IND', 'India','印度', 0, NULL);
INSERT INTO country (country_id, short_name, eng_name, sec_name, is_enabled, maint_site) VALUES (41, 'NZL', 'New Zealand','新西兰', 0, NULL);
INSERT INTO country (country_id, short_name, eng_name, sec_name, is_enabled, maint_site) VALUES (42, 'ZAF', 'South Africa','南非', 0, NULL);
INSERT INTO country (country_id, short_name, eng_name, sec_name, is_enabled, maint_site) VALUES (43, 'ARG', 'Argentina','阿根廷', 0, NULL);
INSERT INTO country (country_id, short_name, eng_name, sec_name, is_enabled, maint_site) VALUES (44, 'BOL', 'Bolivia','玻利维亚', 0, NULL);
INSERT INTO country (country_id, short_name, eng_name, sec_name, is_enabled, maint_site) VALUES (45, 'CHL', 'Chile','智利', 0, NULL);
INSERT INTO country (country_id, short_name, eng_name, sec_name, is_enabled, maint_site) VALUES (46, 'COL', 'Colombia','哥伦比亚', 0, NULL);
INSERT INTO country (country_id, short_name, eng_name, sec_name, is_enabled, maint_site) VALUES (47, 'CRI', 'Costa Rica','哥斯达黎加', 0, NULL);
INSERT INTO country (country_id, short_name, eng_name, sec_name, is_enabled, maint_site) VALUES (48, 'DOM', 'Dominican Republic','多米尼加共和国', 0, NULL);
INSERT INTO country (country_id, short_name, eng_name, sec_name, is_enabled, maint_site) VALUES (49, 'ECU', 'Ecuador','厄瓜多尔', 0, NULL);
INSERT INTO country (country_id, short_name, eng_name, sec_name, is_enabled, maint_site) VALUES (50, 'ESP', 'Spain','西班牙', 0, NULL);
INSERT INTO country (country_id, short_name, eng_name, sec_name, is_enabled, maint_site) VALUES (51, 'GTM', 'Guatemala','危地马拉', 0, NULL);
INSERT INTO country (country_id, short_name, eng_name, sec_name, is_enabled, maint_site) VALUES (52, 'HND', 'Honduras','洪都拉斯', 0, NULL);
INSERT INTO country (country_id, short_name, eng_name, sec_name, is_enabled, maint_site) VALUES (53, 'MEX', 'Mexico','墨西哥', 0, NULL);
INSERT INTO country (country_id, short_name, eng_name, sec_name, is_enabled, maint_site) VALUES (54, 'NIC', 'Nicaragua','尼加拉瓜', 0, NULL);
INSERT INTO country (country_id, short_name, eng_name, sec_name, is_enabled, maint_site) VALUES (55, 'PAN', 'Panama','巴拿马', 0, NULL);
INSERT INTO country (country_id, short_name, eng_name, sec_name, is_enabled, maint_site) VALUES (56, 'PER', 'Peru','秘鲁', 0, NULL);
INSERT INTO country (country_id, short_name, eng_name, sec_name, is_enabled, maint_site) VALUES (57, 'PRI', 'Puerto Rico','波多黎哥', 0, NULL);
INSERT INTO country (country_id, short_name, eng_name, sec_name, is_enabled, maint_site) VALUES (58, 'PRY', 'Paraguay','巴拉圭', 0, NULL);
INSERT INTO country (country_id, short_name, eng_name, sec_name, is_enabled, maint_site) VALUES (59, 'SLV', 'El Salvador','萨尔瓦多', 0, NULL);
INSERT INTO country (country_id, short_name, eng_name, sec_name, is_enabled, maint_site) VALUES (60, 'URY', 'Uruguay','乌拉圭', 0, NULL);
INSERT INTO country (country_id, short_name, eng_name, sec_name, is_enabled, maint_site) VALUES (61, 'VEN', 'Venezuela','委内瑞拉', 0, NULL);
INSERT INTO country (country_id, short_name, eng_name, sec_name, is_enabled, maint_site) VALUES (62, 'EST', 'Estonia','爱沙尼亚', 0, NULL);
INSERT INTO country (country_id, short_name, eng_name, sec_name, is_enabled, maint_site) VALUES (63, 'FIN', 'Finland','芬兰', 0, NULL);
INSERT INTO country (country_id, short_name, eng_name, sec_name, is_enabled, maint_site) VALUES (64, 'BEL', 'Belgium','比利时', 0, NULL);
INSERT INTO country (country_id, short_name, eng_name, sec_name, is_enabled, maint_site) VALUES (65, 'CAN', 'Canada','加拿大', 0, NULL);
INSERT INTO country (country_id, short_name, eng_name, sec_name, is_enabled, maint_site) VALUES (66, 'CHE', 'Switzerland','瑞士', 0, NULL);
INSERT INTO country (country_id, short_name, eng_name, sec_name, is_enabled, maint_site) VALUES (67, 'FRA', 'France','法国', 0, NULL);
INSERT INTO country (country_id, short_name, eng_name, sec_name, is_enabled, maint_site) VALUES (68, 'LUX', 'Luxembourg','卢森堡', 0, NULL);
INSERT INTO country (country_id, short_name, eng_name, sec_name, is_enabled, maint_site) VALUES (69, 'HRV', 'Croatia','克罗地亚', 0, NULL);
INSERT INTO country (country_id, short_name, eng_name, sec_name, is_enabled, maint_site) VALUES (70, 'HUN', 'Hungary','匈牙利', 0, NULL);
INSERT INTO country (country_id, short_name, eng_name, sec_name, is_enabled, maint_site) VALUES (71, 'ISL', 'Iceland','冰岛', 0, NULL);
INSERT INTO country (country_id, short_name, eng_name, sec_name, is_enabled, maint_site) VALUES (72, 'CHE', 'Switzerland','瑞士', 0, NULL);
INSERT INTO country (country_id, short_name, eng_name, sec_name, is_enabled, maint_site) VALUES (73, 'ITA', 'Italy','意大利', 0, NULL);
INSERT INTO country (country_id, short_name, eng_name, sec_name, is_enabled, maint_site) VALUES (74, 'LTU', 'Lithuania','立陶宛', 0, NULL);
INSERT INTO country (country_id, short_name, eng_name, sec_name, is_enabled, maint_site) VALUES (75, 'LVA', 'Latvia','拉脱维亚', 0, NULL);
INSERT INTO country (country_id, short_name, eng_name, sec_name, is_enabled, maint_site) VALUES (76, 'MKD', 'Macedonia','马其顿王国', 0, NULL);
INSERT INTO country (country_id, short_name, eng_name, sec_name, is_enabled, maint_site) VALUES (77, 'BEL', 'Belgium','比利时', 0, NULL);
INSERT INTO country (country_id, short_name, eng_name, sec_name, is_enabled, maint_site) VALUES (78, 'NLD', 'Netherlands','荷兰', 0, NULL);
INSERT INTO country (country_id, short_name, eng_name, sec_name, is_enabled, maint_site) VALUES (79, 'NOR', 'Norway','挪威', 0, NULL);
INSERT INTO country (country_id, short_name, eng_name, sec_name, is_enabled, maint_site) VALUES (80, 'NOR', 'Norway','挪威', 0, NULL);
INSERT INTO country (country_id, short_name, eng_name, sec_name, is_enabled, maint_site) VALUES (81, 'POL', 'Poland','波兰', 0, NULL);
INSERT INTO country (country_id, short_name, eng_name, sec_name, is_enabled, maint_site) VALUES (82, 'BRA', 'Brazil','巴西', 0, NULL);
INSERT INTO country (country_id, short_name, eng_name, sec_name, is_enabled, maint_site) VALUES (83, 'PRT', 'Portugal','葡萄牙', 0, NULL);
INSERT INTO country (country_id, short_name, eng_name, sec_name, is_enabled, maint_site) VALUES (84, 'ROU', 'Romania','罗马尼亚', 0, NULL);
INSERT INTO country (country_id, short_name, eng_name, sec_name, is_enabled, maint_site) VALUES (85, 'RUS', 'Russia','俄罗斯', 0, NULL);
INSERT INTO country (country_id, short_name, eng_name, sec_name, is_enabled, maint_site) VALUES (86, 'SVK', 'Slovakia','斯洛伐克', 0, NULL);
INSERT INTO country (country_id, short_name, eng_name, sec_name, is_enabled, maint_site) VALUES (87, 'SVN', 'Slovenia','斯洛文尼亚', 0, NULL);
INSERT INTO country (country_id, short_name, eng_name, sec_name, is_enabled, maint_site) VALUES (88, 'ALB', 'Albania','阿尔巴尼亚', 0, NULL);
INSERT INTO country (country_id, short_name, eng_name, sec_name, is_enabled, maint_site) VALUES (89, 'SWE', 'Sweden','瑞典', 0, NULL);
INSERT INTO country (country_id, short_name, eng_name, sec_name, is_enabled, maint_site) VALUES (90, 'TUR', 'Turkey','土耳其', 0, NULL);
INSERT INTO country (country_id, short_name, eng_name, sec_name, is_enabled, maint_site) VALUES (91, 'UKR', 'Ukraine','乌克兰', 0, NULL);
INSERT INTO country (country_id, short_name, eng_name, sec_name, is_enabled, maint_site) VALUES (92, 'USA', 'United States','美国', 0, NULL);
SET IDENTITY_INSERT country OFF;

SET IDENTITY_INSERT province ON;
INSERT INTO province (province_id, country_id, eng_name, sec_name, is_enabled, maint_site) VALUES (1, 1,'Beijing','北京',0,NULL);
INSERT INTO province (province_id, country_id, eng_name, sec_name, is_enabled, maint_site) VALUES (2, 1,'Shanghai','上海',0,NULL);
INSERT INTO province (province_id, country_id, eng_name, sec_name, is_enabled, maint_site) VALUES (3, 1,'Tianjin','天津',0,NULL);
INSERT INTO province (province_id, country_id, eng_name, sec_name, is_enabled, maint_site) VALUES (4, 1,'Chongqing','重庆',0,NULL);
INSERT INTO province (province_id, country_id, eng_name, sec_name, is_enabled, maint_site) VALUES (5, 1,'HongKongS.A.R.','香港',0,NULL);
INSERT INTO province (province_id, country_id, eng_name, sec_name, is_enabled, maint_site) VALUES (6, 1,'MacauS.A.R.','澳门',0,NULL);
INSERT INTO province (province_id, country_id, eng_name, sec_name, is_enabled, maint_site) VALUES (7, 1,'Taiwan','台湾',0,NULL);
INSERT INTO province (province_id, country_id, eng_name, sec_name, is_enabled, maint_site) VALUES (8, 1,'Hebei','河北',0,NULL);
INSERT INTO province (province_id, country_id, eng_name, sec_name, is_enabled, maint_site) VALUES (9, 1,'Shanxi','山西',0,NULL);
INSERT INTO province (province_id, country_id, eng_name, sec_name, is_enabled, maint_site) VALUES (10, 1,'Henan','河南',0,NULL);
INSERT INTO province (province_id, country_id, eng_name, sec_name, is_enabled, maint_site) VALUES (11, 1,'Liaoning','辽宁',0,NULL);
INSERT INTO province (province_id, country_id, eng_name, sec_name, is_enabled, maint_site) VALUES (12, 1,'Jilin','吉林',0,NULL);
INSERT INTO province (province_id, country_id, eng_name, sec_name, is_enabled, maint_site) VALUES (13, 1,'Heilongjiang','黑龙江',0,NULL);
INSERT INTO province (province_id, country_id, eng_name, sec_name, is_enabled, maint_site) VALUES (14, 1,'NeiMongol','内蒙古',0,NULL);
INSERT INTO province (province_id, country_id, eng_name, sec_name, is_enabled, maint_site) VALUES (15, 1,'Jiangsu','江苏',0,NULL);
INSERT INTO province (province_id, country_id, eng_name, sec_name, is_enabled, maint_site) VALUES (16, 1,'Shandong','山东',0,NULL);
INSERT INTO province (province_id, country_id, eng_name, sec_name, is_enabled, maint_site) VALUES (17, 1,'Anhui','安徽',0,NULL);
INSERT INTO province (province_id, country_id, eng_name, sec_name, is_enabled, maint_site) VALUES (18, 1,'Zhejiang','浙江',0,NULL);
INSERT INTO province (province_id, country_id, eng_name, sec_name, is_enabled, maint_site) VALUES (19, 1,'Fujian','福建',0,NULL);
INSERT INTO province (province_id, country_id, eng_name, sec_name, is_enabled, maint_site) VALUES (20, 1,'Hubei','湖北',0,NULL);
INSERT INTO province (province_id, country_id, eng_name, sec_name, is_enabled, maint_site) VALUES (21, 1,'Hunan','湖南',0,NULL);
INSERT INTO province (province_id, country_id, eng_name, sec_name, is_enabled, maint_site) VALUES (22, 1,'Guangdong','广东',0,NULL);
INSERT INTO province (province_id, country_id, eng_name, sec_name, is_enabled, maint_site) VALUES (23, 1,'Guangxi','广西',0,NULL);
INSERT INTO province (province_id, country_id, eng_name, sec_name, is_enabled, maint_site) VALUES (24, 1,'Jiangxi','江西',0,NULL);
INSERT INTO province (province_id, country_id, eng_name, sec_name, is_enabled, maint_site) VALUES (25, 1,'Sichuan','四川',0,NULL);
INSERT INTO province (province_id, country_id, eng_name, sec_name, is_enabled, maint_site) VALUES (26, 1,'Guizhou','贵州',0,NULL);
INSERT INTO province (province_id, country_id, eng_name, sec_name, is_enabled, maint_site) VALUES (27, 1,'Yunnan','云南',0,NULL);
INSERT INTO province (province_id, country_id, eng_name, sec_name, is_enabled, maint_site) VALUES (28, 1,'Hainan','海南',0,NULL);
INSERT INTO province (province_id, country_id, eng_name, sec_name, is_enabled, maint_site) VALUES (29, 1,'Shaanxi','陕西',0,NULL);
INSERT INTO province (province_id, country_id, eng_name, sec_name, is_enabled, maint_site) VALUES (30, 1,'Gansu','甘肃',0,NULL);
INSERT INTO province (province_id, country_id, eng_name, sec_name, is_enabled, maint_site) VALUES (31, 1,'Tibet','西藏',0,NULL);
INSERT INTO province (province_id, country_id, eng_name, sec_name, is_enabled, maint_site) VALUES (32, 1,'Ningxia','宁夏',0,NULL);
INSERT INTO province (province_id, country_id, eng_name, sec_name, is_enabled, maint_site) VALUES (33, 1,'Qinghai','青海',0,NULL);
INSERT INTO province (province_id, country_id, eng_name, sec_name, is_enabled, maint_site) VALUES (34, 1,'Xinjiang','新疆',0,NULL);
SET IDENTITY_INSERT province OFF;

SET IDENTITY_INSERT city ON;
INSERT INTO city (city_id, province_id, eng_name, sec_name, is_enabled, maint_site) VALUES (1, 1,'Beijing','北京',0,NULL);
INSERT INTO city (city_id, province_id, eng_name, sec_name, is_enabled, maint_site) VALUES (2, 2,'Shanghai','上海',0,NULL);
INSERT INTO city (city_id, province_id, eng_name, sec_name, is_enabled, maint_site) VALUES (3, 3,'Tianjin','天津',0,NULL);
INSERT INTO city (city_id, province_id, eng_name, sec_name, is_enabled, maint_site) VALUES (4, 4,'Chongqing','重庆',0,NULL);
INSERT INTO city (city_id, province_id, eng_name, sec_name, is_enabled, maint_site) VALUES (5, 4,'Fuling','涪陵',0,NULL);
INSERT INTO city (city_id, province_id, eng_name, sec_name, is_enabled, maint_site) VALUES (6, 4,'Lianhe','Lianhe',0,NULL);
INSERT INTO city (city_id, province_id, eng_name, sec_name, is_enabled, maint_site) VALUES (7, 4,'WanXian','万县',0,NULL);
INSERT INTO city (city_id, province_id, eng_name, sec_name, is_enabled, maint_site) VALUES (8, 5,'HongKong','香港',0,NULL);
INSERT INTO city (city_id, province_id, eng_name, sec_name, is_enabled, maint_site) VALUES (9, 5,'Xinjiulong','新九龙',0,NULL);
INSERT INTO city (city_id, province_id, eng_name, sec_name, is_enabled, maint_site) VALUES (10, 6,'Coloane','路h',0,NULL);
INSERT INTO city (city_id, province_id, eng_name, sec_name, is_enabled, maint_site) VALUES (11, 6,'Macao','澳门',0,NULL);
INSERT INTO city (city_id, province_id, eng_name, sec_name, is_enabled, maint_site) VALUES (12, 7,'Chang-hua','彰化',0,NULL);
INSERT INTO city (city_id, province_id, eng_name, sec_name, is_enabled, maint_site) VALUES (13, 7,'Chiayi','嘉义',0,NULL);
INSERT INTO city (city_id, province_id, eng_name, sec_name, is_enabled, maint_site) VALUES (14, 7,'Chi-lung','基隆',0,NULL);
INSERT INTO city (city_id, province_id, eng_name, sec_name, is_enabled, maint_site) VALUES (15, 7,'Hsin-chu','新竹',0,NULL);
INSERT INTO city (city_id, province_id, eng_name, sec_name, is_enabled, maint_site) VALUES (16, 7,'Hua-lien','花莲',0,NULL);
INSERT INTO city (city_id, province_id, eng_name, sec_name, is_enabled, maint_site) VALUES (17, 7,'I-lan','宜兰',0,NULL);
INSERT INTO city (city_id, province_id, eng_name, sec_name, is_enabled, maint_site) VALUES (18, 7,'Kao-hsiung','高雄',0,NULL);
INSERT INTO city (city_id, province_id, eng_name, sec_name, is_enabled, maint_site) VALUES (19, 7,'Miao-li','苗栗',0,NULL);
INSERT INTO city (city_id, province_id, eng_name, sec_name, is_enabled, maint_site) VALUES (20, 7,'Nan-t''ou','南投',0,NULL);
INSERT INTO city (city_id, province_id, eng_name, sec_name, is_enabled, maint_site) VALUES (21, 7,'P''eng-hu','澎湖',0,NULL);
INSERT INTO city (city_id, province_id, eng_name, sec_name, is_enabled, maint_site) VALUES (22, 7,'P''ing-tung','屏东',0,NULL);
INSERT INTO city (city_id, province_id, eng_name, sec_name, is_enabled, maint_site) VALUES (23, 7,'T''ai-chung','台中',0,NULL);
INSERT INTO city (city_id, province_id, eng_name, sec_name, is_enabled, maint_site) VALUES (24, 7,'T''ai-nan','台南',0,NULL);
INSERT INTO city (city_id, province_id, eng_name, sec_name, is_enabled, maint_site) VALUES (25, 7,'T''ai-tung','台东',0,NULL);
INSERT INTO city (city_id, province_id, eng_name, sec_name, is_enabled, maint_site) VALUES (26, 7,'T''ao-yuan','桃园',0,NULL);
INSERT INTO city (city_id, province_id, eng_name, sec_name, is_enabled, maint_site) VALUES (27, 7,'Taipei','台北',0,NULL);
INSERT INTO city (city_id, province_id, eng_name, sec_name, is_enabled, maint_site) VALUES (28, 7,'Yunlin','云林',0,NULL);
INSERT INTO city (city_id, province_id, eng_name, sec_name, is_enabled, maint_site) VALUES (29, 8,'Baoding','保定',0,NULL);
INSERT INTO city (city_id, province_id, eng_name, sec_name, is_enabled, maint_site) VALUES (30, 8,'Cangzhou','沧州',0,NULL);
INSERT INTO city (city_id, province_id, eng_name, sec_name, is_enabled, maint_site) VALUES (31, 8,'Chengde','承德',0,NULL);
INSERT INTO city (city_id, province_id, eng_name, sec_name, is_enabled, maint_site) VALUES (32, 8,'Handan','邯郸',0,NULL);
INSERT INTO city (city_id, province_id, eng_name, sec_name, is_enabled, maint_site) VALUES (33, 8,'Hengshui','衡水',0,NULL);
INSERT INTO city (city_id, province_id, eng_name, sec_name, is_enabled, maint_site) VALUES (34, 8,'Langfang','廊坊',0,NULL);
INSERT INTO city (city_id, province_id, eng_name, sec_name, is_enabled, maint_site) VALUES (35, 8,'Qinhuangdao','秦皇岛',0,NULL);
INSERT INTO city (city_id, province_id, eng_name, sec_name, is_enabled, maint_site) VALUES (36, 8,'Quzhou','曲周',0,NULL);
INSERT INTO city (city_id, province_id, eng_name, sec_name, is_enabled, maint_site) VALUES (37, 8,'Renqiu','任丘',0,NULL);
INSERT INTO city (city_id, province_id, eng_name, sec_name, is_enabled, maint_site) VALUES (38, 8,'Shijiazhuang','石家庄',0,NULL);
INSERT INTO city (city_id, province_id, eng_name, sec_name, is_enabled, maint_site) VALUES (39, 8,'Tangshan','唐山',0,NULL);
INSERT INTO city (city_id, province_id, eng_name, sec_name, is_enabled, maint_site) VALUES (40, 8,'Xingtai','邢台',0,NULL);
INSERT INTO city (city_id, province_id, eng_name, sec_name, is_enabled, maint_site) VALUES (41, 8,'Xuanhua','宣化',0,NULL);
INSERT INTO city (city_id, province_id, eng_name, sec_name, is_enabled, maint_site) VALUES (42, 8,'Zhangjiakou','张家口',0,NULL);
INSERT INTO city (city_id, province_id, eng_name, sec_name, is_enabled, maint_site) VALUES (43, 9,'Changzhi','长治',0,NULL);
INSERT INTO city (city_id, province_id, eng_name, sec_name, is_enabled, maint_site) VALUES (44, 9,'Datong','大同',0,NULL);
INSERT INTO city (city_id, province_id, eng_name, sec_name, is_enabled, maint_site) VALUES (45, 9,'Jincheng','晋城',0,NULL);
INSERT INTO city (city_id, province_id, eng_name, sec_name, is_enabled, maint_site) VALUES (46, 9,'Sanmen','三门',0,NULL);
INSERT INTO city (city_id, province_id, eng_name, sec_name, is_enabled, maint_site) VALUES (47, 9,'Taiyuan','太原',0,NULL);
INSERT INTO city (city_id, province_id, eng_name, sec_name, is_enabled, maint_site) VALUES (48, 9,'Yangquan','阳泉',0,NULL);
INSERT INTO city (city_id, province_id, eng_name, sec_name, is_enabled, maint_site) VALUES (49, 9,'Yuci','榆次',0,NULL);
INSERT INTO city (city_id, province_id, eng_name, sec_name, is_enabled, maint_site) VALUES (50, 10,'Anyang','安阳',0,NULL);
INSERT INTO city (city_id, province_id, eng_name, sec_name, is_enabled, maint_site) VALUES (51, 10,'Hebi','鹤壁',0,NULL);
INSERT INTO city (city_id, province_id, eng_name, sec_name, is_enabled, maint_site) VALUES (52, 10,'Jiaozuo','焦作',0,NULL);
INSERT INTO city (city_id, province_id, eng_name, sec_name, is_enabled, maint_site) VALUES (53, 10,'Kaifeng','开封',0,NULL);
INSERT INTO city (city_id, province_id, eng_name, sec_name, is_enabled, maint_site) VALUES (54, 10,'Luohe','漯河',0,NULL);
INSERT INTO city (city_id, province_id, eng_name, sec_name, is_enabled, maint_site) VALUES (55, 10,'Luoyang','洛阳',0,NULL);
INSERT INTO city (city_id, province_id, eng_name, sec_name, is_enabled, maint_site) VALUES (56, 10,'Nanyang','南阳',0,NULL);
INSERT INTO city (city_id, province_id, eng_name, sec_name, is_enabled, maint_site) VALUES (57, 10,'Pingdingshan','平顶山',0,NULL);
INSERT INTO city (city_id, province_id, eng_name, sec_name, is_enabled, maint_site) VALUES (58, 10,'Puyang','濮阳',0,NULL);
INSERT INTO city (city_id, province_id, eng_name, sec_name, is_enabled, maint_site) VALUES (59, 10,'Shangqiu','商丘',0,NULL);
INSERT INTO city (city_id, province_id, eng_name, sec_name, is_enabled, maint_site) VALUES (60, 10,'Suixian','睢县',0,NULL);
INSERT INTO city (city_id, province_id, eng_name, sec_name, is_enabled, maint_site) VALUES (61, 10,'Xinxiang','新乡',0,NULL);
INSERT INTO city (city_id, province_id, eng_name, sec_name, is_enabled, maint_site) VALUES (62, 10,'Xinyang','信阳',0,NULL);
INSERT INTO city (city_id, province_id, eng_name, sec_name, is_enabled, maint_site) VALUES (63, 10,'Xuchang','许昌',0,NULL);
INSERT INTO city (city_id, province_id, eng_name, sec_name, is_enabled, maint_site) VALUES (64, 10,'Zhengzhou','郑州',0,NULL);
INSERT INTO city (city_id, province_id, eng_name, sec_name, is_enabled, maint_site) VALUES (65, 10,'Zhoukou','周口',0,NULL);
INSERT INTO city (city_id, province_id, eng_name, sec_name, is_enabled, maint_site) VALUES (66, 10,'Zhumadian','驻马店',0,NULL);
INSERT INTO city (city_id, province_id, eng_name, sec_name, is_enabled, maint_site) VALUES (67, 11,'Anshan','鞍山',0,NULL);
INSERT INTO city (city_id, province_id, eng_name, sec_name, is_enabled, maint_site) VALUES (68, 11,'Beipiao','北票',0,NULL);
INSERT INTO city (city_id, province_id, eng_name, sec_name, is_enabled, maint_site) VALUES (69, 11,'Benxi','本溪',0,NULL);
INSERT INTO city (city_id, province_id, eng_name, sec_name, is_enabled, maint_site) VALUES (70, 11,'Chaoyang','朝阳',0,NULL);
INSERT INTO city (city_id, province_id, eng_name, sec_name, is_enabled, maint_site) VALUES (71, 11,'Dalian','大连',0,NULL);
INSERT INTO city (city_id, province_id, eng_name, sec_name, is_enabled, maint_site) VALUES (72, 11,'Dandong','丹东',0,NULL);
INSERT INTO city (city_id, province_id, eng_name, sec_name, is_enabled, maint_site) VALUES (73, 11,'Diaobingshan','调兵山',0,NULL);
INSERT INTO city (city_id, province_id, eng_name, sec_name, is_enabled, maint_site) VALUES (74, 11,'Fengcheng','凤城',0,NULL);
INSERT INTO city (city_id, province_id, eng_name, sec_name, is_enabled, maint_site) VALUES (75, 11,'Fushun','抚顺',0,NULL);
INSERT INTO city (city_id, province_id, eng_name, sec_name, is_enabled, maint_site) VALUES (76, 11,'Fuxin','阜新',0,NULL);
INSERT INTO city (city_id, province_id, eng_name, sec_name, is_enabled, maint_site) VALUES (77, 11,'Haicheng','海城',0,NULL);
INSERT INTO city (city_id, province_id, eng_name, sec_name, is_enabled, maint_site) VALUES (78, 11,'Jinxi','锦西',0,NULL);
INSERT INTO city (city_id, province_id, eng_name, sec_name, is_enabled, maint_site) VALUES (79, 11,'Jinzhou','锦州',0,NULL);
INSERT INTO city (city_id, province_id, eng_name, sec_name, is_enabled, maint_site) VALUES (80, 11,'Panshan','盘山',0,NULL);
INSERT INTO city (city_id, province_id, eng_name, sec_name, is_enabled, maint_site) VALUES (81, 11,'Shenyang','沈阳',0,NULL);
INSERT INTO city (city_id, province_id, eng_name, sec_name, is_enabled, maint_site) VALUES (82, 11,'Tieling','铁岭',0,NULL);
INSERT INTO city (city_id, province_id, eng_name, sec_name, is_enabled, maint_site) VALUES (83, 11,'Wafangdian','瓦房店',0,NULL);
INSERT INTO city (city_id, province_id, eng_name, sec_name, is_enabled, maint_site) VALUES (84, 11,'Xingcheng','兴城',0,NULL);
INSERT INTO city (city_id, province_id, eng_name, sec_name, is_enabled, maint_site) VALUES (85, 11,'Yingkou','营口',0,NULL);
INSERT INTO city (city_id, province_id, eng_name, sec_name, is_enabled, maint_site) VALUES (86, 12,'Baicheng','白城',0,NULL);
INSERT INTO city (city_id, province_id, eng_name, sec_name, is_enabled, maint_site) VALUES (87, 12,'Changchun','长春',0,NULL);
INSERT INTO city (city_id, province_id, eng_name, sec_name, is_enabled, maint_site) VALUES (88, 12,'Da''an','大安',0,NULL);
INSERT INTO city (city_id, province_id, eng_name, sec_name, is_enabled, maint_site) VALUES (89, 12,'Dunhua','敦化',0,NULL);
INSERT INTO city (city_id, province_id, eng_name, sec_name, is_enabled, maint_site) VALUES (90, 12,'Fuyu','扶余',0,NULL);
INSERT INTO city (city_id, province_id, eng_name, sec_name, is_enabled, maint_site) VALUES (91, 12,'Gongzhuling','公主岭',0,NULL);
INSERT INTO city (city_id, province_id, eng_name, sec_name, is_enabled, maint_site) VALUES (92, 12,'Hailong','海龙',0,NULL);
INSERT INTO city (city_id, province_id, eng_name, sec_name, is_enabled, maint_site) VALUES (93, 12,'Huadian','桦甸',0,NULL);
INSERT INTO city (city_id, province_id, eng_name, sec_name, is_enabled, maint_site) VALUES (94, 12,'Hunjiang','浑江',0,NULL);
INSERT INTO city (city_id, province_id, eng_name, sec_name, is_enabled, maint_site) VALUES (95, 12,'Ji''an','集安',0,NULL);
INSERT INTO city (city_id, province_id, eng_name, sec_name, is_enabled, maint_site) VALUES (96, 12,'Jilin','吉林',0,NULL);
INSERT INTO city (city_id, province_id, eng_name, sec_name, is_enabled, maint_site) VALUES (97, 12,'Jiutai','九台',0,NULL);
INSERT INTO city (city_id, province_id, eng_name, sec_name, is_enabled, maint_site) VALUES (98, 12,'Liaoyuan','辽源',0,NULL);
INSERT INTO city (city_id, province_id, eng_name, sec_name, is_enabled, maint_site) VALUES (99, 12,'Meihekou','梅河口',0,NULL);
INSERT INTO city (city_id, province_id, eng_name, sec_name, is_enabled, maint_site) VALUES (100, 12,'Siping','四平',0,NULL);
INSERT INTO city (city_id, province_id, eng_name, sec_name, is_enabled, maint_site) VALUES (101, 12,'Taonan','洮南',0,NULL);
INSERT INTO city (city_id, province_id, eng_name, sec_name, is_enabled, maint_site) VALUES (102, 12,'Tonghua','通化',0,NULL);
INSERT INTO city (city_id, province_id, eng_name, sec_name, is_enabled, maint_site) VALUES (103, 12,'Yanji','延吉',0,NULL);
INSERT INTO city (city_id, province_id, eng_name, sec_name, is_enabled, maint_site) VALUES (104, 13,'Acheng','阿城',0,NULL);
INSERT INTO city (city_id, province_id, eng_name, sec_name, is_enabled, maint_site) VALUES (105, 13,'Bei''an','北安',0,NULL);
INSERT INTO city (city_id, province_id, eng_name, sec_name, is_enabled, maint_site) VALUES (106, 13,'Daqing','大庆',0,NULL);
INSERT INTO city (city_id, province_id, eng_name, sec_name, is_enabled, maint_site) VALUES (107, 13,'Fujin','富锦',0,NULL);
INSERT INTO city (city_id, province_id, eng_name, sec_name, is_enabled, maint_site) VALUES (108, 13,'Harbin','哈尔滨',0,NULL);
INSERT INTO city (city_id, province_id, eng_name, sec_name, is_enabled, maint_site) VALUES (109, 13,'Hegang','鹤岗',0,NULL);
INSERT INTO city (city_id, province_id, eng_name, sec_name, is_enabled, maint_site) VALUES (110, 13,'Jiamusi','佳木斯',0,NULL);
INSERT INTO city (city_id, province_id, eng_name, sec_name, is_enabled, maint_site) VALUES (111, 13,'Jixi','鸡西',0,NULL);
INSERT INTO city (city_id, province_id, eng_name, sec_name, is_enabled, maint_site) VALUES (112, 13,'Mishan','密山',0,NULL);
INSERT INTO city (city_id, province_id, eng_name, sec_name, is_enabled, maint_site) VALUES (113, 13,'Mudanjiang','牡丹江',0,NULL);
INSERT INTO city (city_id, province_id, eng_name, sec_name, is_enabled, maint_site) VALUES (114, 13,'Qiqihar','齐齐哈尔',0,NULL);
INSERT INTO city (city_id, province_id, eng_name, sec_name, is_enabled, maint_site) VALUES (115, 13,'Qitaihe','七台河',0,NULL);
INSERT INTO city (city_id, province_id, eng_name, sec_name, is_enabled, maint_site) VALUES (116, 13,'Shuangcheng','双城',0,NULL);
INSERT INTO city (city_id, province_id, eng_name, sec_name, is_enabled, maint_site) VALUES (117, 13,'Shuangyashan','双鸭山',0,NULL);
INSERT INTO city (city_id, province_id, eng_name, sec_name, is_enabled, maint_site) VALUES (118, 13,'Suihua','绥化',0,NULL);
INSERT INTO city (city_id, province_id, eng_name, sec_name, is_enabled, maint_site) VALUES (119, 13,'Tieli','铁力',0,NULL);
INSERT INTO city (city_id, province_id, eng_name, sec_name, is_enabled, maint_site) VALUES (120, 13,'Yichun','伊春',0,NULL);
INSERT INTO city (city_id, province_id, eng_name, sec_name, is_enabled, maint_site) VALUES (121, 14,'Baotou','包头',0,NULL);
INSERT INTO city (city_id, province_id, eng_name, sec_name, is_enabled, maint_site) VALUES (122, 14,'Chifeng','赤峰',0,NULL);
INSERT INTO city (city_id, province_id, eng_name, sec_name, is_enabled, maint_site) VALUES (123, 14,'Huhehot','呼和浩特',0,NULL);
INSERT INTO city (city_id, province_id, eng_name, sec_name, is_enabled, maint_site) VALUES (124, 14,'Tongliao','通辽',0,NULL);
INSERT INTO city (city_id, province_id, eng_name, sec_name, is_enabled, maint_site) VALUES (125, 14,'UlanHot','乌兰浩特',0,NULL);
INSERT INTO city (city_id, province_id, eng_name, sec_name, is_enabled, maint_site) VALUES (126, 15,'Changzhou','常州',0,NULL);
INSERT INTO city (city_id, province_id, eng_name, sec_name, is_enabled, maint_site) VALUES (127, 15,'Danyang','丹阳',0,NULL);
INSERT INTO city (city_id, province_id, eng_name, sec_name, is_enabled, maint_site) VALUES (128, 15,'Huai''an','淮安',0,NULL);
INSERT INTO city (city_id, province_id, eng_name, sec_name, is_enabled, maint_site) VALUES (129, 15,'Lianyungang','连云港',0,NULL);
INSERT INTO city (city_id, province_id, eng_name, sec_name, is_enabled, maint_site) VALUES (130, 15,'Nanjing(Nanking)','南京',0,NULL);
INSERT INTO city (city_id, province_id, eng_name, sec_name, is_enabled, maint_site) VALUES (131, 15,'Nantong','南通',0,NULL);
INSERT INTO city (city_id, province_id, eng_name, sec_name, is_enabled, maint_site) VALUES (132, 15,'Suqian','宿迁',0,NULL);
INSERT INTO city (city_id, province_id, eng_name, sec_name, is_enabled, maint_site) VALUES (133, 15,'Suzhou','苏州',0,NULL);
INSERT INTO city (city_id, province_id, eng_name, sec_name, is_enabled, maint_site) VALUES (134, 15,'Taizhou','泰州',0,NULL);
INSERT INTO city (city_id, province_id, eng_name, sec_name, is_enabled, maint_site) VALUES (135, 15,'Wuxi','无锡',0,NULL);
INSERT INTO city (city_id, province_id, eng_name, sec_name, is_enabled, maint_site) VALUES (136, 15,'Xinghua','兴化',0,NULL);
INSERT INTO city (city_id, province_id, eng_name, sec_name, is_enabled, maint_site) VALUES (137, 15,'Xuzhou','徐州',0,NULL);
INSERT INTO city (city_id, province_id, eng_name, sec_name, is_enabled, maint_site) VALUES (138, 15,'Yancheng','盐城',0,NULL);
INSERT INTO city (city_id, province_id, eng_name, sec_name, is_enabled, maint_site) VALUES (139, 15,'Zhanjiang','镇江',0,NULL);
INSERT INTO city (city_id, province_id, eng_name, sec_name, is_enabled, maint_site) VALUES (140, 15,'Kunshan','昆山',0,NULL);
INSERT INTO city (city_id, province_id, eng_name, sec_name, is_enabled, maint_site) VALUES (141, 16,'Boshan','博山',0,NULL);
INSERT INTO city (city_id, province_id, eng_name, sec_name, is_enabled, maint_site) VALUES (142, 16,'Dezhou','德州',0,NULL);
INSERT INTO city (city_id, province_id, eng_name, sec_name, is_enabled, maint_site) VALUES (143, 16,'Dongying','东营',0,NULL);
INSERT INTO city (city_id, province_id, eng_name, sec_name, is_enabled, maint_site) VALUES (144, 16,'Echeng','垩城',0,NULL);
INSERT INTO city (city_id, province_id, eng_name, sec_name, is_enabled, maint_site) VALUES (145, 16,'Heze','荷泽',0,NULL);
INSERT INTO city (city_id, province_id, eng_name, sec_name, is_enabled, maint_site) VALUES (146, 16,'Jiaonan','胶南',0,NULL);
INSERT INTO city (city_id, province_id, eng_name, sec_name, is_enabled, maint_site) VALUES (147, 16,'Jiaoxian','胶县',0,NULL);
INSERT INTO city (city_id, province_id, eng_name, sec_name, is_enabled, maint_site) VALUES (148, 16,'Jinan','济南',0,NULL);
INSERT INTO city (city_id, province_id, eng_name, sec_name, is_enabled, maint_site) VALUES (149, 16,'Jining','济宁',0,NULL);
INSERT INTO city (city_id, province_id, eng_name, sec_name, is_enabled, maint_site) VALUES (150, 16,'Laiwu','莱芜',0,NULL);
INSERT INTO city (city_id, province_id, eng_name, sec_name, is_enabled, maint_site) VALUES (151, 16,'Laiyang','莱阳',0,NULL);
INSERT INTO city (city_id, province_id, eng_name, sec_name, is_enabled, maint_site) VALUES (152, 16,'Liaocheng','聊城',0,NULL);
INSERT INTO city (city_id, province_id, eng_name, sec_name, is_enabled, maint_site) VALUES (153, 16,'Linqing','临沂',0,NULL);
INSERT INTO city (city_id, province_id, eng_name, sec_name, is_enabled, maint_site) VALUES (154, 16,'Longkou','龙口',0,NULL);
INSERT INTO city (city_id, province_id, eng_name, sec_name, is_enabled, maint_site) VALUES (155, 16,'Pingdu','平度',0,NULL);
INSERT INTO city (city_id, province_id, eng_name, sec_name, is_enabled, maint_site) VALUES (156, 16,'Qingdao','青岛',0,NULL);
INSERT INTO city (city_id, province_id, eng_name, sec_name, is_enabled, maint_site) VALUES (157, 16,'Rizhao','日照',0,NULL);
INSERT INTO city (city_id, province_id, eng_name, sec_name, is_enabled, maint_site) VALUES (158, 16,'Tai''erzhuang','台儿庄',0,NULL);
INSERT INTO city (city_id, province_id, eng_name, sec_name, is_enabled, maint_site) VALUES (159, 16,'Tengxian','藤县',0,NULL);
INSERT INTO city (city_id, province_id, eng_name, sec_name, is_enabled, maint_site) VALUES (160, 16,'Weifang','潍坊',0,NULL);
INSERT INTO city (city_id, province_id, eng_name, sec_name, is_enabled, maint_site) VALUES (161, 16,'Weihai','威海',0,NULL);
INSERT INTO city (city_id, province_id, eng_name, sec_name, is_enabled, maint_site) VALUES (162, 16,'Wendeng','文登',0,NULL);
INSERT INTO city (city_id, province_id, eng_name, sec_name, is_enabled, maint_site) VALUES (163, 16,'Xintai','新泰',0,NULL);
INSERT INTO city (city_id, province_id, eng_name, sec_name, is_enabled, maint_site) VALUES (164, 16,'Yantai','烟台',0,NULL);
INSERT INTO city (city_id, province_id, eng_name, sec_name, is_enabled, maint_site) VALUES (165, 16,'Zaozhuang','枣庄',0,NULL);
INSERT INTO city (city_id, province_id, eng_name, sec_name, is_enabled, maint_site) VALUES (166, 16,'Zhucheng','诸城',0,NULL);
INSERT INTO city (city_id, province_id, eng_name, sec_name, is_enabled, maint_site) VALUES (167, 16,'Zibo','淄博',0,NULL);
INSERT INTO city (city_id, province_id, eng_name, sec_name, is_enabled, maint_site) VALUES (168, 17,'Anqing','安庆',0,NULL);
INSERT INTO city (city_id, province_id, eng_name, sec_name, is_enabled, maint_site) VALUES (169, 17,'Bengbu','蚌埠',0,NULL);
INSERT INTO city (city_id, province_id, eng_name, sec_name, is_enabled, maint_site) VALUES (170, 17,'ChaoXian','巢县',0,NULL);
INSERT INTO city (city_id, province_id, eng_name, sec_name, is_enabled, maint_site) VALUES (171, 17,'Chuzhou','滁州',0,NULL);
INSERT INTO city (city_id, province_id, eng_name, sec_name, is_enabled, maint_site) VALUES (172, 17,'Fuyang','阜阳',0,NULL);
INSERT INTO city (city_id, province_id, eng_name, sec_name, is_enabled, maint_site) VALUES (173, 17,'Hefei','合肥',0,NULL);
INSERT INTO city (city_id, province_id, eng_name, sec_name, is_enabled, maint_site) VALUES (174, 17,'Huaibei','淮北',0,NULL);
INSERT INTO city (city_id, province_id, eng_name, sec_name, is_enabled, maint_site) VALUES (175, 17,'Huainan','淮南',0,NULL);
INSERT INTO city (city_id, province_id, eng_name, sec_name, is_enabled, maint_site) VALUES (176, 17,'Lu''an','六安',0,NULL);
INSERT INTO city (city_id, province_id, eng_name, sec_name, is_enabled, maint_site) VALUES (177, 17,'Ma''anshan','马鞍山',0,NULL);
INSERT INTO city (city_id, province_id, eng_name, sec_name, is_enabled, maint_site) VALUES (178, 17,'Suzhou','宿州',0,NULL);
INSERT INTO city (city_id, province_id, eng_name, sec_name, is_enabled, maint_site) VALUES (179, 17,'Tongling','铜陵',0,NULL);
INSERT INTO city (city_id, province_id, eng_name, sec_name, is_enabled, maint_site) VALUES (180, 17,'Wuhu','芜湖',0,NULL);
INSERT INTO city (city_id, province_id, eng_name, sec_name, is_enabled, maint_site) VALUES (181, 17,'Xuancheng','宣城',0,NULL);
INSERT INTO city (city_id, province_id, eng_name, sec_name, is_enabled, maint_site) VALUES (182, 18,'Cixi','慈溪',0,NULL);
INSERT INTO city (city_id, province_id, eng_name, sec_name, is_enabled, maint_site) VALUES (183, 18,'Hangzhou','杭州',0,NULL);
INSERT INTO city (city_id, province_id, eng_name, sec_name, is_enabled, maint_site) VALUES (184, 18,'Jiaxing','嘉兴',0,NULL);
INSERT INTO city (city_id, province_id, eng_name, sec_name, is_enabled, maint_site) VALUES (185, 18,'Jinhua','金华',0,NULL);
INSERT INTO city (city_id, province_id, eng_name, sec_name, is_enabled, maint_site) VALUES (186, 18,'Linhai','临海',0,NULL);
INSERT INTO city (city_id, province_id, eng_name, sec_name, is_enabled, maint_site) VALUES (187, 18,'Ningbo','宁波',0,NULL);
INSERT INTO city (city_id, province_id, eng_name, sec_name, is_enabled, maint_site) VALUES (188, 18,'Quzhou','衢州',0,NULL);
INSERT INTO city (city_id, province_id, eng_name, sec_name, is_enabled, maint_site) VALUES (189, 18,'Rui''an','瑞安',0,NULL);
INSERT INTO city (city_id, province_id, eng_name, sec_name, is_enabled, maint_site) VALUES (190, 18,'Shaoxing','绍兴',0,NULL);
INSERT INTO city (city_id, province_id, eng_name, sec_name, is_enabled, maint_site) VALUES (191, 18,'Wenzhou','温州',0,NULL);
INSERT INTO city (city_id, province_id, eng_name, sec_name, is_enabled, maint_site) VALUES (192, 18,'Wuxing','吴兴',0,NULL);
INSERT INTO city (city_id, province_id, eng_name, sec_name, is_enabled, maint_site) VALUES (193, 18,'Xiashi','硖石',0,NULL);
INSERT INTO city (city_id, province_id, eng_name, sec_name, is_enabled, maint_site) VALUES (194, 18,'Yuyao','余姚',0,NULL);
INSERT INTO city (city_id, province_id, eng_name, sec_name, is_enabled, maint_site) VALUES (195, 18,'Zhuxi','诸暨',0,NULL);
INSERT INTO city (city_id, province_id, eng_name, sec_name, is_enabled, maint_site) VALUES (196, 19,'Fuzhou','福州',0,NULL);
INSERT INTO city (city_id, province_id, eng_name, sec_name, is_enabled, maint_site) VALUES (197, 19,'Gaoshan','高山',0,NULL);
INSERT INTO city (city_id, province_id, eng_name, sec_name, is_enabled, maint_site) VALUES (198, 19,'Longyan','龙岩',0,NULL);
INSERT INTO city (city_id, province_id, eng_name, sec_name, is_enabled, maint_site) VALUES (199, 19,'Nanping','南平',0,NULL);
INSERT INTO city (city_id, province_id, eng_name, sec_name, is_enabled, maint_site) VALUES (200, 19,'Quanzhou','泉州',0,NULL);
INSERT INTO city (city_id, province_id, eng_name, sec_name, is_enabled, maint_site) VALUES (201, 19,'Sanming','三明',0,NULL);
INSERT INTO city (city_id, province_id, eng_name, sec_name, is_enabled, maint_site) VALUES (202, 19,'Shaowu','邵武',0,NULL);
INSERT INTO city (city_id, province_id, eng_name, sec_name, is_enabled, maint_site) VALUES (203, 19,'Xiamen','厦门',0,NULL);
INSERT INTO city (city_id, province_id, eng_name, sec_name, is_enabled, maint_site) VALUES (204, 19,'Yong''an','永安',0,NULL);
INSERT INTO city (city_id, province_id, eng_name, sec_name, is_enabled, maint_site) VALUES (205, 19,'Zao''an','诏安',0,NULL);
INSERT INTO city (city_id, province_id, eng_name, sec_name, is_enabled, maint_site) VALUES (206, 19,'Zhangzhou','漳州',0,NULL);
INSERT INTO city (city_id, province_id, eng_name, sec_name, is_enabled, maint_site) VALUES (207, 20,'Danjiangkou','丹江口',0,NULL);
INSERT INTO city (city_id, province_id, eng_name, sec_name, is_enabled, maint_site) VALUES (208, 20,'Enshi','恩施',0,NULL);
INSERT INTO city (city_id, province_id, eng_name, sec_name, is_enabled, maint_site) VALUES (209, 20,'Guangshui','广水',0,NULL);
INSERT INTO city (city_id, province_id, eng_name, sec_name, is_enabled, maint_site) VALUES (210, 20,'Huangshi','黄石',0,NULL);
INSERT INTO city (city_id, province_id, eng_name, sec_name, is_enabled, maint_site) VALUES (211, 20,'Jingmen','荆门',0,NULL);
INSERT INTO city (city_id, province_id, eng_name, sec_name, is_enabled, maint_site) VALUES (212, 20,'Laohekou','老河口',0,NULL);
INSERT INTO city (city_id, province_id, eng_name, sec_name, is_enabled, maint_site) VALUES (213, 20,'Puqi','蒲圻',0,NULL);
INSERT INTO city (city_id, province_id, eng_name, sec_name, is_enabled, maint_site) VALUES (214, 20,'Shashi','沙市',0,NULL);
INSERT INTO city (city_id, province_id, eng_name, sec_name, is_enabled, maint_site) VALUES (215, 20,'Shishou','石首',0,NULL);
INSERT INTO city (city_id, province_id, eng_name, sec_name, is_enabled, maint_site) VALUES (216, 20,'Shiyan','十堰',0,NULL);
INSERT INTO city (city_id, province_id, eng_name, sec_name, is_enabled, maint_site) VALUES (217, 20,'Tianmen','天门',0,NULL);
INSERT INTO city (city_id, province_id, eng_name, sec_name, is_enabled, maint_site) VALUES (218, 20,'Wuhan','武汉',0,NULL);
INSERT INTO city (city_id, province_id, eng_name, sec_name, is_enabled, maint_site) VALUES (219, 20,'Xiangfan','襄樊',0,NULL);
INSERT INTO city (city_id, province_id, eng_name, sec_name, is_enabled, maint_site) VALUES (220, 20,'Xianning','咸宁',0,NULL);
INSERT INTO city (city_id, province_id, eng_name, sec_name, is_enabled, maint_site) VALUES (221, 20,'Xiantao','仙桃',0,NULL);
INSERT INTO city (city_id, province_id, eng_name, sec_name, is_enabled, maint_site) VALUES (222, 20,'Xiaogan','孝感',0,NULL);
INSERT INTO city (city_id, province_id, eng_name, sec_name, is_enabled, maint_site) VALUES (223, 20,'Yichang','宜昌',0,NULL);
INSERT INTO city (city_id, province_id, eng_name, sec_name, is_enabled, maint_site) VALUES (224, 20,'Zaoyang','枣阳',0,NULL);
INSERT INTO city (city_id, province_id, eng_name, sec_name, is_enabled, maint_site) VALUES (225, 21,'Changde','常德',0,NULL);
INSERT INTO city (city_id, province_id, eng_name, sec_name, is_enabled, maint_site) VALUES (226, 21,'Changsha','长沙',0,NULL);
INSERT INTO city (city_id, province_id, eng_name, sec_name, is_enabled, maint_site) VALUES (227, 21,'Hengyang','衡阳',0,NULL);
INSERT INTO city (city_id, province_id, eng_name, sec_name, is_enabled, maint_site) VALUES (228, 21,'Huaihua','怀化',0,NULL);
INSERT INTO city (city_id, province_id, eng_name, sec_name, is_enabled, maint_site) VALUES (229, 21,'Leiyang','耒阳',0,NULL);
INSERT INTO city (city_id, province_id, eng_name, sec_name, is_enabled, maint_site) VALUES (230, 21,'Lengshuijiang','冷水江',0,NULL);
INSERT INTO city (city_id, province_id, eng_name, sec_name, is_enabled, maint_site) VALUES (231, 21,'Liling','醴陵',0,NULL);
INSERT INTO city (city_id, province_id, eng_name, sec_name, is_enabled, maint_site) VALUES (232, 21,'Loudi','娄底',0,NULL);
INSERT INTO city (city_id, province_id, eng_name, sec_name, is_enabled, maint_site) VALUES (233, 21,'Shaoyang','邵阳',0,NULL);
INSERT INTO city (city_id, province_id, eng_name, sec_name, is_enabled, maint_site) VALUES (234, 21,'Xiangtan','湘潭',0,NULL);
INSERT INTO city (city_id, province_id, eng_name, sec_name, is_enabled, maint_site) VALUES (235, 21,'Yiyang','益阳',0,NULL);
INSERT INTO city (city_id, province_id, eng_name, sec_name, is_enabled, maint_site) VALUES (236, 21,'Yuanjiang','沅江',0,NULL);
INSERT INTO city (city_id, province_id, eng_name, sec_name, is_enabled, maint_site) VALUES (237, 21,'Yueyang','岳阳',0,NULL);
INSERT INTO city (city_id, province_id, eng_name, sec_name, is_enabled, maint_site) VALUES (238, 21,'Zhuzhou','株洲',0,NULL);
INSERT INTO city (city_id, province_id, eng_name, sec_name, is_enabled, maint_site) VALUES (239, 21,'Zixing','资兴',0,NULL);
INSERT INTO city (city_id, province_id, eng_name, sec_name, is_enabled, maint_site) VALUES (240, 22,'Chaoan','潮安',0,NULL);
INSERT INTO city (city_id, province_id, eng_name, sec_name, is_enabled, maint_site) VALUES (241, 22,'Dongguan','东莞',0,NULL);
INSERT INTO city (city_id, province_id, eng_name, sec_name, is_enabled, maint_site) VALUES (242, 22,'Guangzhou(Canton)','广州',0,NULL);
INSERT INTO city (city_id, province_id, eng_name, sec_name, is_enabled, maint_site) VALUES (243, 22,'Heyuan','河源',0,NULL);
INSERT INTO city (city_id, province_id, eng_name, sec_name, is_enabled, maint_site) VALUES (244, 22,'Huizhou','惠州',0,NULL);
INSERT INTO city (city_id, province_id, eng_name, sec_name, is_enabled, maint_site) VALUES (245, 22,'Jiangmen','江门',0,NULL);
INSERT INTO city (city_id, province_id, eng_name, sec_name, is_enabled, maint_site) VALUES (246, 22,'Maoming','茂名',0,NULL);
INSERT INTO city (city_id, province_id, eng_name, sec_name, is_enabled, maint_site) VALUES (247, 22,'Meixian','梅县',0,NULL);
INSERT INTO city (city_id, province_id, eng_name, sec_name, is_enabled, maint_site) VALUES (248, 22,'Shantou','汕头',0,NULL);
INSERT INTO city (city_id, province_id, eng_name, sec_name, is_enabled, maint_site) VALUES (249, 22,'Shanwei','汕尾',0,NULL);
INSERT INTO city (city_id, province_id, eng_name, sec_name, is_enabled, maint_site) VALUES (250, 22,'Shaoguan','韶关',0,NULL);
INSERT INTO city (city_id, province_id, eng_name, sec_name, is_enabled, maint_site) VALUES (251, 22,'Shenzhen','深圳',0,NULL);
INSERT INTO city (city_id, province_id, eng_name, sec_name, is_enabled, maint_site) VALUES (252, 22,'Yangjiang','阳江',0,NULL);
INSERT INTO city (city_id, province_id, eng_name, sec_name, is_enabled, maint_site) VALUES (253, 22,'Zhanjiang','湛江',0,NULL);
INSERT INTO city (city_id, province_id, eng_name, sec_name, is_enabled, maint_site) VALUES (254, 22,'Zhaoqing','肇庆',0,NULL);
INSERT INTO city (city_id, province_id, eng_name, sec_name, is_enabled, maint_site) VALUES (255, 22,'Zhongshan','中山',0,NULL);
INSERT INTO city (city_id, province_id, eng_name, sec_name, is_enabled, maint_site) VALUES (256, 23,'Beihai','北海',0,NULL);
INSERT INTO city (city_id, province_id, eng_name, sec_name, is_enabled, maint_site) VALUES (257, 23,'Guicheng','桂城',0,NULL);
INSERT INTO city (city_id, province_id, eng_name, sec_name, is_enabled, maint_site) VALUES (258, 23,'Guilin','桂林',0,NULL);
INSERT INTO city (city_id, province_id, eng_name, sec_name, is_enabled, maint_site) VALUES (259, 23,'Liuzhou','柳州',0,NULL);
INSERT INTO city (city_id, province_id, eng_name, sec_name, is_enabled, maint_site) VALUES (260, 23,'Nanning','南宁',0,NULL);
INSERT INTO city (city_id, province_id, eng_name, sec_name, is_enabled, maint_site) VALUES (261, 23,'Qinzhou','钦州',0,NULL);
INSERT INTO city (city_id, province_id, eng_name, sec_name, is_enabled, maint_site) VALUES (262, 23,'Wuzhou','梧州',0,NULL);
INSERT INTO city (city_id, province_id, eng_name, sec_name, is_enabled, maint_site) VALUES (263, 23,'Yulin','玉林',0,NULL);
INSERT INTO city (city_id, province_id, eng_name, sec_name, is_enabled, maint_site) VALUES (264, 24,'Fuzhou','抚州',0,NULL);
INSERT INTO city (city_id, province_id, eng_name, sec_name, is_enabled, maint_site) VALUES (265, 24,'Ganzhou','赣州',0,NULL);
INSERT INTO city (city_id, province_id, eng_name, sec_name, is_enabled, maint_site) VALUES (266, 24,'Hechuan','禾川',0,NULL);
INSERT INTO city (city_id, province_id, eng_name, sec_name, is_enabled, maint_site) VALUES (267, 24,'Jingdezhen','景德镇',0,NULL);
INSERT INTO city (city_id, province_id, eng_name, sec_name, is_enabled, maint_site) VALUES (268, 24,'Jiujiang','九江',0,NULL);
INSERT INTO city (city_id, province_id, eng_name, sec_name, is_enabled, maint_site) VALUES (269, 24,'Longnan','龙南',0,NULL);
INSERT INTO city (city_id, province_id, eng_name, sec_name, is_enabled, maint_site) VALUES (270, 24,'Nanchang','南昌',0,NULL);
INSERT INTO city (city_id, province_id, eng_name, sec_name, is_enabled, maint_site) VALUES (271, 24,'Pingxiang','萍乡',0,NULL);
INSERT INTO city (city_id, province_id, eng_name, sec_name, is_enabled, maint_site) VALUES (272, 24,'Qingjiang','琴江',0,NULL);
INSERT INTO city (city_id, province_id, eng_name, sec_name, is_enabled, maint_site) VALUES (273, 24,'Ruijin','瑞金',0,NULL);
INSERT INTO city (city_id, province_id, eng_name, sec_name, is_enabled, maint_site) VALUES (274, 24,'Shangrao','上饶',0,NULL);
INSERT INTO city (city_id, province_id, eng_name, sec_name, is_enabled, maint_site) VALUES (275, 24,'Tengtian','藤田',0,NULL);
INSERT INTO city (city_id, province_id, eng_name, sec_name, is_enabled, maint_site) VALUES (276, 24,'Xinyu','新余',0,NULL);
INSERT INTO city (city_id, province_id, eng_name, sec_name, is_enabled, maint_site) VALUES (277, 24,'Yichun','宜春',0,NULL);
INSERT INTO city (city_id, province_id, eng_name, sec_name, is_enabled, maint_site) VALUES (278, 25,'Chengdu','成都',0,NULL);
INSERT INTO city (city_id, province_id, eng_name, sec_name, is_enabled, maint_site) VALUES (279, 25,'Daxian','达县',0,NULL);
INSERT INTO city (city_id, province_id, eng_name, sec_name, is_enabled, maint_site) VALUES (280, 25,'Deyang','德阳',0,NULL);
INSERT INTO city (city_id, province_id, eng_name, sec_name, is_enabled, maint_site) VALUES (281, 25,'Dukou','渡口',0,NULL);
INSERT INTO city (city_id, province_id, eng_name, sec_name, is_enabled, maint_site) VALUES (282, 25,'Guangyuan','广元',0,NULL);
INSERT INTO city (city_id, province_id, eng_name, sec_name, is_enabled, maint_site) VALUES (283, 25,'Huaying','华蓥',0,NULL);
INSERT INTO city (city_id, province_id, eng_name, sec_name, is_enabled, maint_site) VALUES (284, 25,'Jiangyou','江油',0,NULL);
INSERT INTO city (city_id, province_id, eng_name, sec_name, is_enabled, maint_site) VALUES (285, 25,'Leshan','乐山',0,NULL);
INSERT INTO city (city_id, province_id, eng_name, sec_name, is_enabled, maint_site) VALUES (286, 25,'Luzhou','泸州',0,NULL);
INSERT INTO city (city_id, province_id, eng_name, sec_name, is_enabled, maint_site) VALUES (287, 25,'Mianyang','绵阳',0,NULL);
INSERT INTO city (city_id, province_id, eng_name, sec_name, is_enabled, maint_site) VALUES (288, 25,'Nanchong','南充',0,NULL);
INSERT INTO city (city_id, province_id, eng_name, sec_name, is_enabled, maint_site) VALUES (289, 25,'Neijiang','内江',0,NULL);
INSERT INTO city (city_id, province_id, eng_name, sec_name, is_enabled, maint_site) VALUES (290, 25,'Quxian','渠县',0,NULL);
INSERT INTO city (city_id, province_id, eng_name, sec_name, is_enabled, maint_site) VALUES (291, 25,'Suining','遂宁',0,NULL);
INSERT INTO city (city_id, province_id, eng_name, sec_name, is_enabled, maint_site) VALUES (292, 25,'Xichang','西昌',0,NULL);
INSERT INTO city (city_id, province_id, eng_name, sec_name, is_enabled, maint_site) VALUES (293, 25,'Ya''an','雅安',0,NULL);
INSERT INTO city (city_id, province_id, eng_name, sec_name, is_enabled, maint_site) VALUES (294, 25,'Yibin','宜宾',0,NULL);
INSERT INTO city (city_id, province_id, eng_name, sec_name, is_enabled, maint_site) VALUES (295, 25,'Zigong','自贡',0,NULL);
INSERT INTO city (city_id, province_id, eng_name, sec_name, is_enabled, maint_site) VALUES (296, 26,'Anshun','安顺',0,NULL);
INSERT INTO city (city_id, province_id, eng_name, sec_name, is_enabled, maint_site) VALUES (297, 26,'Duyun','都匀',0,NULL);
INSERT INTO city (city_id, province_id, eng_name, sec_name, is_enabled, maint_site) VALUES (298, 26,'Guiyang','贵阳',0,NULL);
INSERT INTO city (city_id, province_id, eng_name, sec_name, is_enabled, maint_site) VALUES (299, 26,'Kaili','凯里',0,NULL);
INSERT INTO city (city_id, province_id, eng_name, sec_name, is_enabled, maint_site) VALUES (300, 26,'Liupanshui','六盘水',0,NULL);
INSERT INTO city (city_id, province_id, eng_name, sec_name, is_enabled, maint_site) VALUES (301, 26,'Tongren','铜仁',0,NULL);
INSERT INTO city (city_id, province_id, eng_name, sec_name, is_enabled, maint_site) VALUES (302, 26,'Xingyi','兴义',0,NULL);
INSERT INTO city (city_id, province_id, eng_name, sec_name, is_enabled, maint_site) VALUES (303, 26,'Zunyi','遵义',0,NULL);
INSERT INTO city (city_id, province_id, eng_name, sec_name, is_enabled, maint_site) VALUES (304, 27,'Chuxiong','楚雄',0,NULL);
INSERT INTO city (city_id, province_id, eng_name, sec_name, is_enabled, maint_site) VALUES (305, 27,'Dongchuan','东川',0,NULL);
INSERT INTO city (city_id, province_id, eng_name, sec_name, is_enabled, maint_site) VALUES (306, 27,'Gejiu','个旧',0,NULL);
INSERT INTO city (city_id, province_id, eng_name, sec_name, is_enabled, maint_site) VALUES (307, 27,'Kunming','昆明',0,NULL);
INSERT INTO city (city_id, province_id, eng_name, sec_name, is_enabled, maint_site) VALUES (308, 27,'Qujing','曲靖',0,NULL);
INSERT INTO city (city_id, province_id, eng_name, sec_name, is_enabled, maint_site) VALUES (309, 27,'Rongcheng','榕城',0,NULL);
INSERT INTO city (city_id, province_id, eng_name, sec_name, is_enabled, maint_site) VALUES (310, 27,'Xiaguan','下关',0,NULL);
INSERT INTO city (city_id, province_id, eng_name, sec_name, is_enabled, maint_site) VALUES (311, 27,'Zhaotong','昭通',0,NULL);
INSERT INTO city (city_id, province_id, eng_name, sec_name, is_enabled, maint_site) VALUES (312, 28,'Haikou','海口',0,NULL);
INSERT INTO city (city_id, province_id, eng_name, sec_name, is_enabled, maint_site) VALUES (313, 28,'Sanya','三亚',0,NULL);
INSERT INTO city (city_id, province_id, eng_name, sec_name, is_enabled, maint_site) VALUES (314, 28,'Boao','博敖',0,NULL);
INSERT INTO city (city_id, province_id, eng_name, sec_name, is_enabled, maint_site) VALUES (315, 29,'Ankang','安康',0,NULL);
INSERT INTO city (city_id, province_id, eng_name, sec_name, is_enabled, maint_site) VALUES (316, 29,'Baoji','宝鸡',0,NULL);
INSERT INTO city (city_id, province_id, eng_name, sec_name, is_enabled, maint_site) VALUES (317, 29,'Hanzhong','汉中',0,NULL);
INSERT INTO city (city_id, province_id, eng_name, sec_name, is_enabled, maint_site) VALUES (318, 29,'Tongguan','潼关',0,NULL);
INSERT INTO city (city_id, province_id, eng_name, sec_name, is_enabled, maint_site) VALUES (319, 29,'Weinan','渭南',0,NULL);
INSERT INTO city (city_id, province_id, eng_name, sec_name, is_enabled, maint_site) VALUES (320, 29,'Xi''an','西安',0,NULL);
INSERT INTO city (city_id, province_id, eng_name, sec_name, is_enabled, maint_site) VALUES (321, 29,'Xianyang','咸阳',0,NULL);
INSERT INTO city (city_id, province_id, eng_name, sec_name, is_enabled, maint_site) VALUES (322, 29,'Yan''an','延安',0,NULL);
INSERT INTO city (city_id, province_id, eng_name, sec_name, is_enabled, maint_site) VALUES (323, 30,'Anxi','安西',0,NULL);
INSERT INTO city (city_id, province_id, eng_name, sec_name, is_enabled, maint_site) VALUES (324, 30,'Baiyin','白银',0,NULL);
INSERT INTO city (city_id, province_id, eng_name, sec_name, is_enabled, maint_site) VALUES (325, 30,'Jinchuan','泾川',0,NULL);
INSERT INTO city (city_id, province_id, eng_name, sec_name, is_enabled, maint_site) VALUES (326, 30,'Jinta','金塔',0,NULL);
INSERT INTO city (city_id, province_id, eng_name, sec_name, is_enabled, maint_site) VALUES (327, 30,'Lanzhou','兰州',0,NULL);
INSERT INTO city (city_id, province_id, eng_name, sec_name, is_enabled, maint_site) VALUES (328, 30,'Pingliang','平凉',0,NULL);
INSERT INTO city (city_id, province_id, eng_name, sec_name, is_enabled, maint_site) VALUES (329, 30,'Wuwei','武威',0,NULL);
INSERT INTO city (city_id, province_id, eng_name, sec_name, is_enabled, maint_site) VALUES (330, 30,'Yumen','玉门',0,NULL);
INSERT INTO city (city_id, province_id, eng_name, sec_name, is_enabled, maint_site) VALUES (331, 30,'Zhangye','张掖',0,NULL);
INSERT INTO city (city_id, province_id, eng_name, sec_name, is_enabled, maint_site) VALUES (332, 31,'Lhasa','拉萨',0,NULL);
INSERT INTO city (city_id, province_id, eng_name, sec_name, is_enabled, maint_site) VALUES (333, 31,'Nagqu','那曲',0,NULL);
INSERT INTO city (city_id, province_id, eng_name, sec_name, is_enabled, maint_site) VALUES (334, 31,'Qamdo','昌都',0,NULL);
INSERT INTO city (city_id, province_id, eng_name, sec_name, is_enabled, maint_site) VALUES (335, 32,'Shizuishan','石嘴山',0,NULL);
INSERT INTO city (city_id, province_id, eng_name, sec_name, is_enabled, maint_site) VALUES (336, 32,'Tianshui','天水',0,NULL);
INSERT INTO city (city_id, province_id, eng_name, sec_name, is_enabled, maint_site) VALUES (337, 32,'Yinchuan','银川',0,NULL);
INSERT INTO city (city_id, province_id, eng_name, sec_name, is_enabled, maint_site) VALUES (338, 32,'Zhongwei','中卫',0,NULL);
INSERT INTO city (city_id, province_id, eng_name, sec_name, is_enabled, maint_site) VALUES (339, 33,'DaQaidam','大柴达木',0,NULL);
INSERT INTO city (city_id, province_id, eng_name, sec_name, is_enabled, maint_site) VALUES (340, 33,'Dulan','都兰',0,NULL);
INSERT INTO city (city_id, province_id, eng_name, sec_name, is_enabled, maint_site) VALUES (341, 33,'Golmud','格尔木',0,NULL);
INSERT INTO city (city_id, province_id, eng_name, sec_name, is_enabled, maint_site) VALUES (342, 33,'Xining','西宁',0,NULL);
INSERT INTO city (city_id, province_id, eng_name, sec_name, is_enabled, maint_site) VALUES (343, 33,'Yushu','玉树',0,NULL);
INSERT INTO city (city_id, province_id, eng_name, sec_name, is_enabled, maint_site) VALUES (344, 34,'Hami','哈密',0,NULL);
INSERT INTO city (city_id, province_id, eng_name, sec_name, is_enabled, maint_site) VALUES (345, 34,'Hotan','和田',0,NULL);
INSERT INTO city (city_id, province_id, eng_name, sec_name, is_enabled, maint_site) VALUES (346, 34,'Karamay','克拉玛依',0,NULL);
INSERT INTO city (city_id, province_id, eng_name, sec_name, is_enabled, maint_site) VALUES (347, 34,'Kashgar','喀什葛尔',0,NULL);
INSERT INTO city (city_id, province_id, eng_name, sec_name, is_enabled, maint_site) VALUES (348, 34,'Kuytun','奎屯',0,NULL);
INSERT INTO city (city_id, province_id, eng_name, sec_name, is_enabled, maint_site) VALUES (349, 34,'Shihezi','石河子',0,NULL);
INSERT INTO city (city_id, province_id, eng_name, sec_name, is_enabled, maint_site) VALUES (350, 34,'Urumqi','乌鲁木齐',0,NULL);
SET IDENTITY_INSERT city OFF;
 
/*==============================================================*/
/* security data                                                */
/*==============================================================*/
INSERT INTO oa_function (func_id,func_nm,func_desc) VALUES (11010020,'list system log','list system log');
INSERT INTO oa_function (func_id,func_nm,func_desc) VALUES (11020010,'global user monitor','global user monitor');
INSERT INTO oa_function (func_id,func_nm,func_desc) VALUES (11030010,'function maintenance','function maintenance');
INSERT INTO oa_function (func_id,func_nm,func_desc) VALUES (11040010,'menu maintenance','menu maintenance');
INSERT INTO oa_function (func_id,func_nm,func_desc) VALUES (11050010,'role maintenance','role maintenance');
INSERT INTO oa_function (func_id,func_nm,func_desc) VALUES (11060010,'global purchase category maintenance','global purchase category maintenance');
INSERT INTO oa_function (func_id,func_nm,func_desc) VALUES (11080010,'metadata maintenance','metadata maintenance');
INSERT INTO oa_function (func_id,func_nm,func_desc) VALUES (11090010,'global parameter maintenance','global parameter maintenance');
INSERT INTO oa_function (func_id,func_nm,func_desc) VALUES (11100010,'global supplier maintenance','global supplier maintenance');
INSERT INTO oa_function (func_id,func_nm,func_desc) VALUES (11100070,'global confirm supplier','global confirm supplier');
INSERT INTO oa_function (func_id,func_nm,func_desc) VALUES (11110020,'list global country province city','list global country province city');
INSERT INTO oa_function (func_id,func_nm,func_desc) VALUES (11110070,'promote country province city','promote country province city');
INSERT INTO oa_function (func_id,func_nm,func_desc) VALUES (11120010,'global hotel maintenance','global hotel maintenance');
INSERT INTO oa_function (func_id,func_nm,func_desc) VALUES (11130010,'site maintenance','site maintenance');
INSERT INTO oa_function (func_id,func_nm,func_desc) VALUES (11140020,'list global user','list global user');
INSERT INTO oa_function (func_id,func_nm,func_desc) VALUES (11300010,'email maintenance','email maintenance');
INSERT INTO oa_function (func_id,func_nm,func_desc) VALUES (12210020,'list my request travel application','list my request travel application');
INSERT INTO oa_function (func_id,func_nm,func_desc) VALUES (12210030,'create my request travel application','create my request travel application');
INSERT INTO oa_function (func_id,func_nm,func_desc) VALUES (12210040,'edit my request travel application','edit my request travel application');
INSERT INTO oa_function (func_id,func_nm,func_desc) VALUES (12210050,'delete my request travel application','delete my request travel application');
INSERT INTO oa_function (func_id,func_nm,func_desc) VALUES (12210060,'view my request travel application','view my request travel application');
INSERT INTO oa_function (func_id,func_nm,func_desc) VALUES (12210140,'select travel application','select travel application');
INSERT INTO oa_function (func_id,func_nm,func_desc) VALUES (12210220,'withdraw my request travel application','withdraw my request travel application');
INSERT INTO oa_function (func_id,func_nm,func_desc) VALUES (12211010,'approve travel application','approve travel application');
INSERT INTO oa_function (func_id,func_nm,func_desc) VALUES (12230020,'list my expense','list my expense');
INSERT INTO oa_function (func_id,func_nm,func_desc) VALUES (12230030,'create my expense','create my expense');
INSERT INTO oa_function (func_id,func_nm,func_desc) VALUES (12230040,'edit my expense','edit my expense');
INSERT INTO oa_function (func_id,func_nm,func_desc) VALUES (12230041,'edit expense recharge','edit expense recharge');
INSERT INTO oa_function (func_id,func_nm,func_desc) VALUES (12230050,'delete my expense','delete my expense');
INSERT INTO oa_function (func_id,func_nm,func_desc) VALUES (12230060,'view my expense','view my expense');
INSERT INTO oa_function (func_id,func_nm,func_desc) VALUES (12230070,'withdraw my expense','withdraw my expense');
INSERT INTO oa_function (func_id,func_nm,func_desc) VALUES (12231010,'expense approval','expense approval');
INSERT INTO oa_function (func_id,func_nm,func_desc) VALUES (12251010,'approve capex request','approve capex request');
INSERT INTO oa_function (func_id,func_nm,func_desc) VALUES (12260020,'list my request purchase request','list my request purchase request');
INSERT INTO oa_function (func_id,func_nm,func_desc) VALUES (12260021,'list my delegate purchase request','list my delegate purchase request');
INSERT INTO oa_function (func_id,func_nm,func_desc) VALUES (12260030,'create my request purchase request','create my request purchase request');
INSERT INTO oa_function (func_id,func_nm,func_desc) VALUES (12260031,'create my delegate purchase request','create my delegate purchase request');
INSERT INTO oa_function (func_id,func_nm,func_desc) VALUES (12260040,'edit my request purchase request','edit my request purchase request');
INSERT INTO oa_function (func_id,func_nm,func_desc) VALUES (12260041,'edit my delegate purchase request','edit my delegate purchase request');
INSERT INTO oa_function (func_id,func_nm,func_desc) VALUES (12260050,'delete my request purchase request','delete my request purchase request');
INSERT INTO oa_function (func_id,func_nm,func_desc) VALUES (12260051,'delete my delegate purchase request','delete my delegate purchase request');
INSERT INTO oa_function (func_id,func_nm,func_desc) VALUES (12260060,'view my request purchase request','view my request purchase request');
INSERT INTO oa_function (func_id,func_nm,func_desc) VALUES (12260061,'view my delegate purchase request','view my delegate purchase request');
INSERT INTO oa_function (func_id,func_nm,func_desc) VALUES (12260070,'withdraw my request purchase request','withdraw my request purchase request');
INSERT INTO oa_function (func_id,func_nm,func_desc) VALUES (12260071,'withdraw my delegate purchase request','withdraw my delegate purchase request');
INSERT INTO oa_function (func_id,func_nm,func_desc) VALUES (12261010,'approve purchase request','approve purchase request');
INSERT INTO oa_function (func_id,func_nm,func_desc) VALUES (12270130,'receipt of purchase order','receipt of purchase order');
INSERT INTO oa_function (func_id,func_nm,func_desc) VALUES (12271020,'list approve request of purchase order','list approve request of purchase order');
INSERT INTO oa_function (func_id,func_nm,func_desc) VALUES (12271040,'approve approve request of purchase order','approve approve request of purchase order');
INSERT INTO oa_function (func_id,func_nm,func_desc) VALUES (12271060,'view approve request of purchase order','view approve request of purchase order');
INSERT INTO oa_function (func_id,func_nm,func_desc) VALUES (13200010,'global list approver delegate','global list approver delegate');
INSERT INTO oa_function (func_id,func_nm,func_desc) VALUES (13200011,'self approver delegate maintenance','self approver delegate maintenance');
INSERT INTO oa_function (func_id,func_nm,func_desc) VALUES (21010020,'site list system log','site list system log');
INSERT INTO oa_function (func_id,func_nm,func_desc) VALUES (21020010,'site user monitor','site user monitor');
INSERT INTO oa_function (func_id,func_nm,func_desc) VALUES (21060010,'site purchase category maintenance','site purchase category maintenance');
INSERT INTO oa_function (func_id,func_nm,func_desc) VALUES (21070010,'currency maintenance','currency maintenance');
INSERT INTO oa_function (func_id,func_nm,func_desc) VALUES (21100010,'site supplier maintenance','site supplier maintenance');
INSERT INTO oa_function (func_id,func_nm,func_desc) VALUES (21100070,'site confirm supplier','site confirm supplier');
INSERT INTO oa_function (func_id,func_nm,func_desc) VALUES (21100110,'view supplier base info','view supplier base info');
INSERT INTO oa_function (func_id,func_nm,func_desc) VALUES (21110010,'country province city maintenance','country province city maintenance');
INSERT INTO oa_function (func_id,func_nm,func_desc) VALUES (21110020,'list site country province city','list site country province city');
INSERT INTO oa_function (func_id,func_nm,func_desc) VALUES (21120010,'site hotel maintenance','site hotel maintenance');
INSERT INTO oa_function (func_id,func_nm,func_desc) VALUES (21140010,'user maintenance','user maintenance');
INSERT INTO oa_function (func_id,func_nm,func_desc) VALUES (21140020,'list site user','list site user');
INSERT INTO oa_function (func_id,func_nm,func_desc) VALUES (21150010,'expense category maintenance','expense category maintenance');
INSERT INTO oa_function (func_id,func_nm,func_desc) VALUES (21160010,'exchange rate maintenance','exchange rate maintenance');
INSERT INTO oa_function (func_id,func_nm,func_desc) VALUES (21170010,'site parameter maintenance','site parameter maintenance');
INSERT INTO oa_function (func_id,func_nm,func_desc) VALUES (21180010,'department maintenance','department maintenance');
INSERT INTO oa_function (func_id,func_nm,func_desc) VALUES (21190010,'travel group maintenance','travel group maintenance');
INSERT INTO oa_function (func_id,func_nm,func_desc) VALUES (22220160,'air ticket maintenance','air ticket maintenance');
INSERT INTO oa_function (func_id,func_nm,func_desc) VALUES (22230010,'final confirm expense','final confirm expense');
INSERT INTO oa_function (func_id,func_nm,func_desc) VALUES (22230011,'final claim expense','final claim expense');
INSERT INTO oa_function (func_id,func_nm,func_desc) VALUES (22230041,'edit expense recharge','edit expense recharge');
INSERT INTO oa_function (func_id,func_nm,func_desc) VALUES (22240020,'list yearly budget','list yearly budget');
INSERT INTO oa_function (func_id,func_nm,func_desc) VALUES (22240030,'create yearly budget','create yearly budget');
INSERT INTO oa_function (func_id,func_nm,func_desc) VALUES (22240040,'edit yearly budget','edit yearly budget');
INSERT INTO oa_function (func_id,func_nm,func_desc) VALUES (22240170,'list history of yearly budget','list history of yearly budget');
INSERT INTO oa_function (func_id,func_nm,func_desc) VALUES (22240180,'freeze/unfreeze yearly budget','freeze/unfreeze yearly budget');
INSERT INTO oa_function (func_id,func_nm,func_desc) VALUES (22252020,'capex report','capex report');
INSERT INTO oa_function (func_id,func_nm,func_desc) VALUES (22260150,'purchase purchase request','purchase purchase request');
INSERT INTO oa_function (func_id,func_nm,func_desc) VALUES (22270020,'list purchase order','list purchase order');
INSERT INTO oa_function (func_id,func_nm,func_desc) VALUES (22270040,'edit purchase order','edit purchase order');
INSERT INTO oa_function (func_id,func_nm,func_desc) VALUES (22270060,'view purchase order(dialog)','view purchase order(dialog)');
INSERT INTO oa_function (func_id,func_nm,func_desc) VALUES (22270061,'view purchase order','view purchase order');
INSERT INTO oa_function (func_id,func_nm,func_desc) VALUES (22270070,'withdraw purchase order','withdraw purchase order');
INSERT INTO oa_function (func_id,func_nm,func_desc) VALUES (22270080,'cancel purchase order','cancel purchase order');
INSERT INTO oa_function (func_id,func_nm,func_desc) VALUES (22270081,'cancel purchase order item','cancel purchase order item');
INSERT INTO oa_function (func_id,func_nm,func_desc) VALUES (22270090,'update erpNo of purchase orders','update erpNo of purchase orders');
INSERT INTO oa_function (func_id,func_nm,func_desc) VALUES (22270100,'consolidate purchase orders','consolidate purchase orders');
INSERT INTO oa_function (func_id,func_nm,func_desc) VALUES (22270110,'confirm purchase order','confirm purchase order');
INSERT INTO oa_function (func_id,func_nm,func_desc) VALUES (22270120,'assign purchaser of purchase order','assign purchaser of purchase order');
INSERT INTO oa_function (func_id,func_nm,func_desc) VALUES (22272020,'purchase order report','purchase order report');
INSERT INTO oa_function (func_id,func_nm,func_desc) VALUES (22272060,'view purchase request(report)','view purchase request(report)');
INSERT INTO oa_function (func_id,func_nm,func_desc) VALUES (23210010,'travel application approval rule maintenance','travel application approval rule maintenance');
INSERT INTO oa_function (func_id,func_nm,func_desc) VALUES (23230010,'expense approval rule maintenance','expense approval rule maintenance');
INSERT INTO oa_function (func_id,func_nm,func_desc) VALUES (23230011,'expense claim rule maintenance','expense claim rule maintenance');
INSERT INTO oa_function (func_id,func_nm,func_desc) VALUES (23250010,'capex approve rule maintenance','capex approve rule maintenance');
INSERT INTO oa_function (func_id,func_nm,func_desc) VALUES (23260010,'pr approve rule maintenance','pr approve rule maintenance');
INSERT INTO oa_function (func_id,func_nm,func_desc) VALUES (23260011,'pr purchasing rule maintenance','pr purchasing rule maintenance');
INSERT INTO oa_function (func_id,func_nm,func_desc) VALUES (23270010,'purchase order approval rule maintenance','purchase order approval rule maintenance');
INSERT INTO oa_function (func_id,func_nm,func_desc) VALUES (23270011,'purchasing price control rule maintenance','purchasing price control rule maintenance');
INSERT INTO oa_function (func_id,func_nm,func_desc) VALUES (24210010,'travel application filter rule maintenance','travel application filter rule maintenance');
INSERT INTO oa_function (func_id,func_nm,func_desc) VALUES (24230010,'expense filter rule maintenance','expense filter rule maintenance');
INSERT INTO oa_function (func_id,func_nm,func_desc) VALUES (24240010,'yearly budget filter rule maintenance','yearly budget filter rule maintenance');
INSERT INTO oa_function (func_id,func_nm,func_desc) VALUES (24250010,'capex filter rule maintenance','capex filter rule maintenance');
INSERT INTO oa_function (func_id,func_nm,func_desc) VALUES (24260010,'purchase request filter rule maintenance','purchase request filter rule maintenance');
INSERT INTO oa_function (func_id,func_nm,func_desc) VALUES (24270010,'purchase order filter rule maintenance','purchase order filter rule maintenance');
INSERT INTO oa_function (func_id,func_nm,func_desc) VALUES (25210010,'travel application approval flow maintenance','travel application approval flow maintenance');
INSERT INTO oa_function (func_id,func_nm,func_desc) VALUES (25210011,'TA approval flow maintenance (web drag and draw)','travel application approval flow maintenance (web drag and draw)');
INSERT INTO oa_function (func_id,func_nm,func_desc) VALUES (25230010,'expense approval flow maintenance','expense approval flow maintenance');
INSERT INTO oa_function (func_id,func_nm,func_desc) VALUES (25230011,'expense claim flow maintenance','expense claim flow maintenance');
INSERT INTO oa_function (func_id,func_nm,func_desc) VALUES (25230012,'expense approval flow maint (web drag and draw)','expense approval flow maintenance (web drag and draw)');
INSERT INTO oa_function (func_id,func_nm,func_desc) VALUES (25230013,'expense claim flow maint (web drag and draw)','expense claim flow maintenance (web drag and draw)');
INSERT INTO oa_function (func_id,func_nm,func_desc) VALUES (25250010,'capex approval flow maintenance','capex approval flow maintenance');
INSERT INTO oa_function (func_id,func_nm,func_desc) VALUES (25250011,'capex approval flow maint (web drag and draw)','capex approval flow maintenance (web drag and draw)');
INSERT INTO oa_function (func_id,func_nm,func_desc) VALUES (25260010,'pr approval flow maintenance','pr approval flow maintenance');
INSERT INTO oa_function (func_id,func_nm,func_desc) VALUES (25260011,'pr purchasing flow maintenance','pr purchasing flow maintenance');
INSERT INTO oa_function (func_id,func_nm,func_desc) VALUES (25260012,'pr approval flow maintenance (web drag and draw)','pr approval flow maintenance (web drag and draw)');
INSERT INTO oa_function (func_id,func_nm,func_desc) VALUES (25260013,'pr purchasing flow maintenance (web drag and draw)','pr purchasing flow maintenance (web drag and draw)');
INSERT INTO oa_function (func_id,func_nm,func_desc) VALUES (25270010,'po approval flow maintenance','po approval flow maintenance');
INSERT INTO oa_function (func_id,func_nm,func_desc) VALUES (25270011,'purchasing price control flow maintenance','purchasing price control flow maintenance');
INSERT INTO oa_function (func_id,func_nm,func_desc) VALUES (25270012,'po approval flow maintenance (web drag and draw)','po approval flow maintenance (web drag and draw)');
INSERT INTO oa_function (func_id,func_nm,func_desc) VALUES (25270013,'purchasing control flow maint (web drag and draw)','purchasing price control flow maintenance (web drag and draw)');
INSERT INTO oa_function (func_id,func_nm,func_desc) VALUES (32210020,'list my delegate travel application','list my delegate travel application');
INSERT INTO oa_function (func_id,func_nm,func_desc) VALUES (32210030,'create my delegate travel application','create my delegate travel application');
INSERT INTO oa_function (func_id,func_nm,func_desc) VALUES (32210040,'edit my deletgate travel application','edit my deletgate travel application');
INSERT INTO oa_function (func_id,func_nm,func_desc) VALUES (32210050,'delete my delegate travel application','delete my delegate travel application');
INSERT INTO oa_function (func_id,func_nm,func_desc) VALUES (32210060,'view my delegate travel application','view my delegate travel application');
INSERT INTO oa_function (func_id,func_nm,func_desc) VALUES (32210120,'assign travel application','assign travel application');
INSERT INTO oa_function (func_id,func_nm,func_desc) VALUES (32210150,'purchase travel application','purchase travel application');
INSERT INTO oa_function (func_id,func_nm,func_desc) VALUES (32210220,'withdraw my delegate travel application','withdraw my delegate travel application');
INSERT INTO oa_function (func_id,func_nm,func_desc) VALUES (32212020,'travel application report','travel application report');
INSERT INTO oa_function (func_id,func_nm,func_desc) VALUES (32230020,'list delegate expense','list delegate expense');
INSERT INTO oa_function (func_id,func_nm,func_desc) VALUES (32230030,'create delegate expense','create delegate expense');
INSERT INTO oa_function (func_id,func_nm,func_desc) VALUES (32230040,'edit delegate expense','edit delegate expense');
INSERT INTO oa_function (func_id,func_nm,func_desc) VALUES (32230050,'delete delegate expense','delete delegate expense');
INSERT INTO oa_function (func_id,func_nm,func_desc) VALUES (32230060,'view delegate expense','view delegate expense');
INSERT INTO oa_function (func_id,func_nm,func_desc) VALUES (32230070,'withdraw delegate expense','withdraw delegate expense');
INSERT INTO oa_function (func_id,func_nm,func_desc) VALUES (32232010,'expense report','expense report');
INSERT INTO oa_function (func_id,func_nm,func_desc) VALUES (32240010,'view yearly budget amount','view yearly budget amount');
INSERT INTO oa_function (func_id,func_nm,func_desc) VALUES (32240011,'view expense budget amount','view expense budget amount');
INSERT INTO oa_function (func_id,func_nm,func_desc) VALUES (32250010,'view capex amount','view capex amount');
INSERT INTO oa_function (func_id,func_nm,func_desc) VALUES (32250020,'list capex request','list capex request');
INSERT INTO oa_function (func_id,func_nm,func_desc) VALUES (32250030,'create capex request','create capex request');
INSERT INTO oa_function (func_id,func_nm,func_desc) VALUES (32250040,'edit capex request','edit capex request');
INSERT INTO oa_function (func_id,func_nm,func_desc) VALUES (32250050,'delete capex request','delete capex request');
INSERT INTO oa_function (func_id,func_nm,func_desc) VALUES (32250060,'view capex request','view capex request');
INSERT INTO oa_function (func_id,func_nm,func_desc) VALUES (32250070,'withdraw capex request','withdraw capex request');
INSERT INTO oa_function (func_id,func_nm,func_desc) VALUES (32260020,'list my delegate purchase request','list my delegate purchase request');
INSERT INTO oa_function (func_id,func_nm,func_desc) VALUES (32260030,'create my delegate purchase request','create my delegate purchase request');
INSERT INTO oa_function (func_id,func_nm,func_desc) VALUES (32260040,'edit my delegate purchase request','edit my delegate purchase request');
INSERT INTO oa_function (func_id,func_nm,func_desc) VALUES (32260050,'delete my delegate purchase request','delete my delegate purchase request');
INSERT INTO oa_function (func_id,func_nm,func_desc) VALUES (32260060,'view purchase request(dialog)','view purchase request(dialog)');
INSERT INTO oa_function (func_id,func_nm,func_desc) VALUES (32260062,'view my delegate purchase request','view my delegate purchase request');
INSERT INTO oa_function (func_id,func_nm,func_desc) VALUES (32260070,'withdraw my delegate purchase request','withdraw my delegate purchase request');
INSERT INTO oa_function (func_id,func_nm,func_desc) VALUES (32260120,'assign purchase request','assign purchase request');
INSERT INTO oa_function (func_id,func_nm,func_desc) VALUES (32262020,'purchase request report','purchase request report');
INSERT INTO oa_function (func_id,func_nm,func_desc) VALUES (32262060,'view purchase request(report)','view purchase request(report)');
INSERT INTO oa_function (func_id,func_nm,func_desc) VALUES (33200010,'department list approver delegate','department list approver delegate');
INSERT INTO oa_function (func_id,func_nm,func_desc) VALUES (33200011,'approver delegate maintenance','approver delegate maintenance');

SET IDENTITY_INSERT menu ON;
INSERT INTO menu (menu_id,menu_nm,menu_desc,func_id,url,parent_id,onclick,onmouse_over,onmouse_down,sec_menu_nm,sec_menu_desc) VALUES (1,'Global Administrator Menu',NULL,NULL,NULL,NULL,NULL,NULL,NULL,'全局管理菜单',NULL);
INSERT INTO menu (menu_id,menu_nm,menu_desc,func_id,url,parent_id,onclick,onmouse_over,onmouse_down,sec_menu_nm,sec_menu_desc) VALUES (2,'Site Administartor Menu',NULL,NULL,NULL,NULL,NULL,NULL,NULL,'Site Administartor Menu',NULL);
INSERT INTO menu (menu_id,menu_nm,menu_desc,func_id,url,parent_id,onclick,onmouse_over,onmouse_down,sec_menu_nm,sec_menu_desc) VALUES (3,'End User Menu',NULL,NULL,NULL,NULL,NULL,NULL,NULL,'End User Menu',NULL);
INSERT INTO menu (menu_id,menu_nm,menu_desc,func_id,url,parent_id,onclick,onmouse_over,onmouse_down,sec_menu_nm,sec_menu_desc) VALUES (11,'System Control',NULL,NULL,NULL,1,NULL,NULL,NULL,'System Control',NULL);
INSERT INTO menu (menu_id,menu_nm,menu_desc,func_id,url,parent_id,onclick,onmouse_over,onmouse_down,sec_menu_nm,sec_menu_desc) VALUES (12,'System Security','System Security',NULL,NULL,1,NULL,NULL,NULL,'System Security',NULL);
INSERT INTO menu (menu_id,menu_nm,menu_desc,func_id,url,parent_id,onclick,onmouse_over,onmouse_down,sec_menu_nm,sec_menu_desc) VALUES (13,'System Parameter',NULL,NULL,NULL,1,NULL,NULL,NULL,'System Parameter',NULL);
INSERT INTO menu (menu_id,menu_nm,menu_desc,func_id,url,parent_id,onclick,onmouse_over,onmouse_down,sec_menu_nm,sec_menu_desc) VALUES (14,'Supplier Maintenance',NULL,NULL,NULL,1,NULL,NULL,NULL,'Supplier Maintenance',NULL);
INSERT INTO menu (menu_id,menu_nm,menu_desc,func_id,url,parent_id,onclick,onmouse_over,onmouse_down,sec_menu_nm,sec_menu_desc) VALUES (15,'City & Hotel Maintenance',NULL,NULL,NULL,1,NULL,NULL,NULL,'City & Hotel Maintenance',NULL);
INSERT INTO menu (menu_id,menu_nm,menu_desc,func_id,url,parent_id,onclick,onmouse_over,onmouse_down,sec_menu_nm,sec_menu_desc) VALUES (16,'User Maintenance',NULL,11140020,'listGlobalUser',1,NULL,NULL,NULL,'User Maintenance',NULL);
INSERT INTO menu (menu_id,menu_nm,menu_desc,func_id,url,parent_id,onclick,onmouse_over,onmouse_down,sec_menu_nm,sec_menu_desc) VALUES (17,'Site Maintenance',NULL,11130010,'listSite',1,NULL,NULL,NULL,'Site Maintenance',NULL);
INSERT INTO menu (menu_id,menu_nm,menu_desc,func_id,url,parent_id,onclick,onmouse_over,onmouse_down,sec_menu_nm,sec_menu_desc) VALUES (18,'Approver Delegate',NULL,13200010,'listApprover',1,NULL,NULL,NULL,'Approver Delegate',NULL);
INSERT INTO menu (menu_id,menu_nm,menu_desc,func_id,url,parent_id,onclick,onmouse_over,onmouse_down,sec_menu_nm,sec_menu_desc) VALUES (21,'System Control',NULL,NULL,NULL,2,NULL,NULL,NULL,'System Control',NULL);
INSERT INTO menu (menu_id,menu_nm,menu_desc,func_id,url,parent_id,onclick,onmouse_over,onmouse_down,sec_menu_nm,sec_menu_desc) VALUES (22,'System Parameter',NULL,NULL,NULL,2,NULL,NULL,NULL,'System Parameter',NULL);
INSERT INTO menu (menu_id,menu_nm,menu_desc,func_id,url,parent_id,onclick,onmouse_over,onmouse_down,sec_menu_nm,sec_menu_desc) VALUES (23,'Route Defination',NULL,NULL,NULL,2,NULL,NULL,NULL,'Route Defination',NULL);
INSERT INTO menu (menu_id,menu_nm,menu_desc,func_id,url,parent_id,onclick,onmouse_over,onmouse_down,sec_menu_nm,sec_menu_desc) VALUES (24,'Supplier Maintenance',NULL,NULL,NULL,2,NULL,NULL,NULL,'Supplier Maintenance',NULL);
INSERT INTO menu (menu_id,menu_nm,menu_desc,func_id,url,parent_id,onclick,onmouse_over,onmouse_down,sec_menu_nm,sec_menu_desc) VALUES (25,'City & Hotel Maintenance',NULL,NULL,NULL,2,NULL,NULL,NULL,'City & Hotel Maintenance',NULL);
INSERT INTO menu (menu_id,menu_nm,menu_desc,func_id,url,parent_id,onclick,onmouse_over,onmouse_down,sec_menu_nm,sec_menu_desc) VALUES (26,'User Maintenance',NULL,21140020,'listUser',2,NULL,NULL,NULL,'User Maintenance',NULL);
INSERT INTO menu (menu_id,menu_nm,menu_desc,func_id,url,parent_id,onclick,onmouse_over,onmouse_down,sec_menu_nm,sec_menu_desc) VALUES (27,'Department Maintenance',NULL,21180010,'listDepartment',2,NULL,NULL,NULL,'Department Maintenance',NULL);
INSERT INTO menu (menu_id,menu_nm,menu_desc,func_id,url,parent_id,onclick,onmouse_over,onmouse_down,sec_menu_nm,sec_menu_desc) VALUES (28,'Traveling Group Maintenance',NULL,21190010,'listTravelGroup',2,NULL,NULL,NULL,'Traveling Group Maintenance',NULL);
INSERT INTO menu (menu_id,menu_nm,menu_desc,func_id,url,parent_id,onclick,onmouse_over,onmouse_down,sec_menu_nm,sec_menu_desc) VALUES (31,'Requestor',NULL,NULL,NULL,3,NULL,NULL,NULL,'Requestor',NULL);
INSERT INTO menu (menu_id,menu_nm,menu_desc,func_id,url,parent_id,onclick,onmouse_over,onmouse_down,sec_menu_nm,sec_menu_desc) VALUES (32,'Approver',NULL,NULL,NULL,3,NULL,NULL,NULL,'Approver',NULL);
INSERT INTO menu (menu_id,menu_nm,menu_desc,func_id,url,parent_id,onclick,onmouse_over,onmouse_down,sec_menu_nm,sec_menu_desc) VALUES (33,'Purchaser',NULL,NULL,NULL,3,NULL,NULL,NULL,'Purchaser',NULL);
INSERT INTO menu (menu_id,menu_nm,menu_desc,func_id,url,parent_id,onclick,onmouse_over,onmouse_down,sec_menu_nm,sec_menu_desc) VALUES (34,'Finance',NULL,NULL,NULL,3,NULL,NULL,NULL,'Finance',NULL);
INSERT INTO menu (menu_id,menu_nm,menu_desc,func_id,url,parent_id,onclick,onmouse_over,onmouse_down,sec_menu_nm,sec_menu_desc) VALUES (35,'Supervisor',NULL,NULL,NULL,3,NULL,NULL,NULL,'Supervisor',NULL);
INSERT INTO menu (menu_id,menu_nm,menu_desc,func_id,url,parent_id,onclick,onmouse_over,onmouse_down,sec_menu_nm,sec_menu_desc) VALUES (36,'Reporting',NULL,NULL,NULL,3,NULL,NULL,NULL,'Reporting',NULL);
INSERT INTO menu (menu_id,menu_nm,menu_desc,func_id,url,parent_id,onclick,onmouse_over,onmouse_down,sec_menu_nm,sec_menu_desc) VALUES (111,'System Log',NULL,11010020,'listSystemLog',11,NULL,NULL,NULL,'System Log',NULL);
INSERT INTO menu (menu_id,menu_nm,menu_desc,func_id,url,parent_id,onclick,onmouse_over,onmouse_down,sec_menu_nm,sec_menu_desc) VALUES (112,'Web Monitor',NULL,11020010,'listGlobalOnlineUser',11,NULL,NULL,NULL,'Web Monitor',NULL);
INSERT INTO menu (menu_id,menu_nm,menu_desc,func_id,url,parent_id,onclick,onmouse_over,onmouse_down,sec_menu_nm,sec_menu_desc) VALUES (121,'Security Permission',NULL,11030010,'listFunction',12,NULL,NULL,NULL,'Security Permission',NULL);
INSERT INTO menu (menu_id,menu_nm,menu_desc,func_id,url,parent_id,onclick,onmouse_over,onmouse_down,sec_menu_nm,sec_menu_desc) VALUES (122,'Menu',NULL,11040010,'listMenu',12,NULL,NULL,NULL,'Menu',NULL);
INSERT INTO menu (menu_id,menu_nm,menu_desc,func_id,url,parent_id,onclick,onmouse_over,onmouse_down,sec_menu_nm,sec_menu_desc) VALUES (123,'Role',NULL,11050010,'listRole',12,NULL,NULL,NULL,'Role',NULL);
INSERT INTO menu (menu_id,menu_nm,menu_desc,func_id,url,parent_id,onclick,onmouse_over,onmouse_down,sec_menu_nm,sec_menu_desc) VALUES (131,'Purchasing Category Maintenance',NULL,11060010,'listPurchaseCategory',13,NULL,NULL,NULL,'Purchasing Category Maintenance',NULL);
INSERT INTO menu (menu_id,menu_nm,menu_desc,func_id,url,parent_id,onclick,onmouse_over,onmouse_down,sec_menu_nm,sec_menu_desc) VALUES (132,'Currency Maintenance',NULL,21070010,'listCurrency',13,NULL,NULL,NULL,'Currency Maintenance',NULL);
INSERT INTO menu (menu_id,menu_nm,menu_desc,func_id,url,parent_id,onclick,onmouse_over,onmouse_down,sec_menu_nm,sec_menu_desc) VALUES (133,'Metadata Maintenance',NULL,11080010,'listMetadata',13,NULL,NULL,NULL,'Metadata Maintenance',NULL);
INSERT INTO menu (menu_id,menu_nm,menu_desc,func_id,url,parent_id,onclick,onmouse_over,onmouse_down,sec_menu_nm,sec_menu_desc) VALUES (134,'Global Parameter Setup',NULL,11090010,'editGlobalParameter',13,NULL,NULL,NULL,'Global Parameter Setup',NULL);
INSERT INTO menu (menu_id,menu_nm,menu_desc,func_id,url,parent_id,onclick,onmouse_over,onmouse_down,sec_menu_nm,sec_menu_desc) VALUES (141,'Supplier Maintenance',NULL,11100010,'listSupplier',14,NULL,NULL,NULL,'Supplier Maintenance',NULL);
INSERT INTO menu (menu_id,menu_nm,menu_desc,func_id,url,parent_id,onclick,onmouse_over,onmouse_down,sec_menu_nm,sec_menu_desc) VALUES (142,'Supplier Confirmation',NULL,11100070,'listConfirmSupplier',14,NULL,NULL,NULL,'Supplier Confirmation',NULL);
INSERT INTO menu (menu_id,menu_nm,menu_desc,func_id,url,parent_id,onclick,onmouse_over,onmouse_down,sec_menu_nm,sec_menu_desc) VALUES (151,'City Maintenance',NULL,11110020,'listCountryProvinceCity',15,NULL,NULL,NULL,'City Maintenance',NULL);
INSERT INTO menu (menu_id,menu_nm,menu_desc,func_id,url,parent_id,onclick,onmouse_over,onmouse_down,sec_menu_nm,sec_menu_desc) VALUES (152,'Hotel Maintenance',NULL,11120010,'listHotel',15,NULL,NULL,NULL,'Hotel Maintenance',NULL);
INSERT INTO menu (menu_id,menu_nm,menu_desc,func_id,url,parent_id,onclick,onmouse_over,onmouse_down,sec_menu_nm,sec_menu_desc) VALUES (211,'System Log',NULL,21010020,'listSystemLog_site',21,NULL,NULL,NULL,'System Log',NULL);
INSERT INTO menu (menu_id,menu_nm,menu_desc,func_id,url,parent_id,onclick,onmouse_over,onmouse_down,sec_menu_nm,sec_menu_desc) VALUES (212,'Web Monitor',NULL,21020010,'listOnlineUser',21,NULL,NULL,NULL,'Web Monitor',NULL);
INSERT INTO menu (menu_id,menu_nm,menu_desc,func_id,url,parent_id,onclick,onmouse_over,onmouse_down,sec_menu_nm,sec_menu_desc) VALUES (213,'Alert Message',NULL,NULL,NULL,21,NULL,NULL,NULL,'Alert Message',NULL);
INSERT INTO menu (menu_id,menu_nm,menu_desc,func_id,url,parent_id,onclick,onmouse_over,onmouse_down,sec_menu_nm,sec_menu_desc) VALUES (221,'Purchasing Category Maintenance',NULL,21060010,'listPurchaseCategory_site',22,NULL,NULL,NULL,'Purchasing Category Maintenance',NULL);
INSERT INTO menu (menu_id,menu_nm,menu_desc,func_id,url,parent_id,onclick,onmouse_over,onmouse_down,sec_menu_nm,sec_menu_desc) VALUES (222,'Expense Category Maintenance',NULL,21150010,'listExpenseCategory',22,NULL,NULL,NULL,'Expense Category Maintenance',NULL);
INSERT INTO menu (menu_id,menu_nm,menu_desc,func_id,url,parent_id,onclick,onmouse_over,onmouse_down,sec_menu_nm,sec_menu_desc) VALUES (223,'Exchange Rate Maintenance',NULL,21160010,'listExchangeRate',22,NULL,NULL,NULL,'Exchange Rate Maintenance',NULL);
INSERT INTO menu (menu_id,menu_nm,menu_desc,func_id,url,parent_id,onclick,onmouse_over,onmouse_down,sec_menu_nm,sec_menu_desc) VALUES (224,'Site Parameter Setup',NULL,21170010,'editSiteParameter',22,NULL,NULL,NULL,'Site Parameter Setup',NULL);
INSERT INTO menu (menu_id,menu_nm,menu_desc,func_id,url,parent_id,onclick,onmouse_over,onmouse_down,sec_menu_nm,sec_menu_desc) VALUES (231,'Purchase Route',NULL,NULL,NULL,23,NULL,NULL,NULL,'Purchase Route',NULL);
INSERT INTO menu (menu_id,menu_nm,menu_desc,func_id,url,parent_id,onclick,onmouse_over,onmouse_down,sec_menu_nm,sec_menu_desc) VALUES (232,'Expense Route',NULL,NULL,NULL,23,NULL,NULL,NULL,'Expense Route',NULL);
INSERT INTO menu (menu_id,menu_nm,menu_desc,func_id,url,parent_id,onclick,onmouse_over,onmouse_down,sec_menu_nm,sec_menu_desc) VALUES (233,'Traveling Route',NULL,NULL,NULL,23,NULL,NULL,NULL,'Traveling Route',NULL);
INSERT INTO menu (menu_id,menu_nm,menu_desc,func_id,url,parent_id,onclick,onmouse_over,onmouse_down,sec_menu_nm,sec_menu_desc) VALUES (241,'Supplier Maintenance',NULL,21100010,'listSupplier_site',24,NULL,NULL,NULL,'Supplier Maintenance',NULL);
INSERT INTO menu (menu_id,menu_nm,menu_desc,func_id,url,parent_id,onclick,onmouse_over,onmouse_down,sec_menu_nm,sec_menu_desc) VALUES (242,'Supplier Confirmation',NULL,21100070,'listConfirmSupplier_site',24,NULL,NULL,NULL,'Supplier Confirmation',NULL);
INSERT INTO menu (menu_id,menu_nm,menu_desc,func_id,url,parent_id,onclick,onmouse_over,onmouse_down,sec_menu_nm,sec_menu_desc) VALUES (251,'City Maintenance',NULL,21110020,'listCountryProvinceCity_site',25,NULL,NULL,NULL,'City Maintenance',NULL);
INSERT INTO menu (menu_id,menu_nm,menu_desc,func_id,url,parent_id,onclick,onmouse_over,onmouse_down,sec_menu_nm,sec_menu_desc) VALUES (252,'Hotel Maintenance',NULL,21120010,'listHotel_site',25,NULL,NULL,NULL,'Hotel Maintenance',NULL);
INSERT INTO menu (menu_id,menu_nm,menu_desc,func_id,url,parent_id,onclick,onmouse_over,onmouse_down,sec_menu_nm,sec_menu_desc) VALUES (311,'My Capex Request',NULL,32250020,'listCapexRequest',31,NULL,NULL,NULL,'My Capex Request',NULL);
INSERT INTO menu (menu_id,menu_nm,menu_desc,func_id,url,parent_id,onclick,onmouse_over,onmouse_down,sec_menu_nm,sec_menu_desc) VALUES (312,'My Request PR',NULL,12260020,'listPurchaseRequest_self',31,NULL,NULL,NULL,'My Request PR',NULL);
INSERT INTO menu (menu_id,menu_nm,menu_desc,func_id,url,parent_id,onclick,onmouse_over,onmouse_down,sec_menu_nm,sec_menu_desc) VALUES (313,'My Delegate PR',NULL,12260021,'listPurchaseRequest_other',31,NULL,NULL,NULL,'My Delegate PR',NULL);
INSERT INTO menu (menu_id,menu_nm,menu_desc,func_id,url,parent_id,onclick,onmouse_over,onmouse_down,sec_menu_nm,sec_menu_desc) VALUES (314,'My PO Receipt',NULL,12270130,'listPurchaseOrderItem_receipt',31,NULL,NULL,NULL,'My PO Receipt',NULL);
INSERT INTO menu (menu_id,menu_nm,menu_desc,func_id,url,parent_id,onclick,onmouse_over,onmouse_down,sec_menu_nm,sec_menu_desc) VALUES (315,'My Expense Request',NULL,12230020,'listExpense_self',31,NULL,NULL,NULL,'My Expense Request',NULL);
INSERT INTO menu (menu_id,menu_nm,menu_desc,func_id,url,parent_id,onclick,onmouse_over,onmouse_down,sec_menu_nm,sec_menu_desc) VALUES (316,'My Delegate Expense Request',NULL,32230020,'listExpense_other',31,NULL,NULL,NULL,'My Delegate Expense Request',NULL);
INSERT INTO menu (menu_id,menu_nm,menu_desc,func_id,url,parent_id,onclick,onmouse_over,onmouse_down,sec_menu_nm,sec_menu_desc) VALUES (317,'My Request TA',NULL,12210020,'listTravelApplication_self',31,NULL,NULL,NULL,'My Request TA',NULL);
INSERT INTO menu (menu_id,menu_nm,menu_desc,func_id,url,parent_id,onclick,onmouse_over,onmouse_down,sec_menu_nm,sec_menu_desc) VALUES (318,'My Delegate TA',NULL,32210020,'listTravelApplication_other',31,NULL,NULL,NULL,'My Delegate TA',NULL);
INSERT INTO menu (menu_id,menu_nm,menu_desc,func_id,url,parent_id,onclick,onmouse_over,onmouse_down,sec_menu_nm,sec_menu_desc) VALUES (321,'Capex Approval',NULL,12251010,'listCapexRequestApproveRequest',32,NULL,NULL,NULL,'Capex Approval',NULL);
INSERT INTO menu (menu_id,menu_nm,menu_desc,func_id,url,parent_id,onclick,onmouse_over,onmouse_down,sec_menu_nm,sec_menu_desc) VALUES (322,'Purchase Request Approval',NULL,12261010,'listPurchaseRequestApproveRequest',32,NULL,NULL,NULL,'Purchase Request Approval',NULL);
INSERT INTO menu (menu_id,menu_nm,menu_desc,func_id,url,parent_id,onclick,onmouse_over,onmouse_down,sec_menu_nm,sec_menu_desc) VALUES (323,'Purchase Order Approval',NULL,12271020,'listPurchaseOrderApproveRequest',32,NULL,NULL,NULL,'Purchase Order Approval',NULL);
INSERT INTO menu (menu_id,menu_nm,menu_desc,func_id,url,parent_id,onclick,onmouse_over,onmouse_down,sec_menu_nm,sec_menu_desc) VALUES (324,'Expense Approval',NULL,12231010,'listExpenseApproveRequest',32,NULL,NULL,NULL,'Expense Approval',NULL);
INSERT INTO menu (menu_id,menu_nm,menu_desc,func_id,url,parent_id,onclick,onmouse_over,onmouse_down,sec_menu_nm,sec_menu_desc) VALUES (325,'Traveling Application Approval',NULL,12211010,'listTravelApplicationApproveRequest',32,NULL,NULL,NULL,'Traveling Application Approval',NULL);
INSERT INTO menu (menu_id,menu_nm,menu_desc,func_id,url,parent_id,onclick,onmouse_over,onmouse_down,sec_menu_nm,sec_menu_desc) VALUES (326,'My Approval Delegate',NULL,13200011,'listApproverDelegate_self',32,NULL,NULL,NULL,'My Approval Delegate',NULL);
INSERT INTO menu (menu_id,menu_nm,menu_desc,func_id,url,parent_id,onclick,onmouse_over,onmouse_down,sec_menu_nm,sec_menu_desc) VALUES (331,'My Pending PR',NULL,22260150,'listPurchaseRequest_purchase',33,NULL,NULL,NULL,'My Pending PR',NULL);
INSERT INTO menu (menu_id,menu_nm,menu_desc,func_id,url,parent_id,onclick,onmouse_over,onmouse_down,sec_menu_nm,sec_menu_desc) VALUES (332,'My Pending TA',NULL,32210150,'listTravelApplicationPurchase',33,NULL,NULL,NULL,'My Pending TA',NULL);
INSERT INTO menu (menu_id,menu_nm,menu_desc,func_id,url,parent_id,onclick,onmouse_over,onmouse_down,sec_menu_nm,sec_menu_desc) VALUES (333,'My Purchase Order',NULL,22270020,'listPurchaseOrder',33,NULL,NULL,NULL,'My Purchase Order',NULL);
INSERT INTO menu (menu_id,menu_nm,menu_desc,func_id,url,parent_id,onclick,onmouse_over,onmouse_down,sec_menu_nm,sec_menu_desc) VALUES (334,'My Received Air Ticket',NULL,22220160,'listAirTicket',33,NULL,NULL,NULL,'My Received Air Ticket',NULL);
INSERT INTO menu (menu_id,menu_nm,menu_desc,func_id,url,parent_id,onclick,onmouse_over,onmouse_down,sec_menu_nm,sec_menu_desc) VALUES (341,'Yearly Budget',NULL,22240020,'listYearlyBudget',34,NULL,NULL,NULL,'Yearly Budget',NULL);
INSERT INTO menu (menu_id,menu_nm,menu_desc,func_id,url,parent_id,onclick,onmouse_over,onmouse_down,sec_menu_nm,sec_menu_desc) VALUES (342,'Freeze & Unfreeze Yearly Budget',NULL,22240180,'listYearlyBudget_freeze',34,NULL,NULL,NULL,'Freeze & Unfreeze Yearly Budget',NULL);
INSERT INTO menu (menu_id,menu_nm,menu_desc,func_id,url,parent_id,onclick,onmouse_over,onmouse_down,sec_menu_nm,sec_menu_desc) VALUES (343,'PO Final Confirm',NULL,22270110,'listPurchaseOrder_confirm',34,NULL,NULL,NULL,'PO Final Confirm',NULL);
INSERT INTO menu (menu_id,menu_nm,menu_desc,func_id,url,parent_id,onclick,onmouse_over,onmouse_down,sec_menu_nm,sec_menu_desc) VALUES (344,'PO Cancel',NULL,22270081,'listPurchaseOrder_cancel',34,NULL,NULL,NULL,'PO Cancel',NULL);
INSERT INTO menu (menu_id,menu_nm,menu_desc,func_id,url,parent_id,onclick,onmouse_over,onmouse_down,sec_menu_nm,sec_menu_desc) VALUES (346,'Expense Final Claim',NULL,22230011,'listExpense_finalClaim',34,NULL,NULL,NULL,'Expense Final Claim',NULL);
INSERT INTO menu (menu_id,menu_nm,menu_desc,func_id,url,parent_id,onclick,onmouse_over,onmouse_down,sec_menu_nm,sec_menu_desc) VALUES (351,'Approver Delegate',NULL,33200010,'listApprover_department',35,NULL,NULL,NULL,'Approver Delegate',NULL);
INSERT INTO menu (menu_id,menu_nm,menu_desc,func_id,url,parent_id,onclick,onmouse_over,onmouse_down,sec_menu_nm,sec_menu_desc) VALUES (352,'PO Assign',NULL,22270120,'listPurchaseOrder_assign',35,NULL,NULL,NULL,'PO Assign',NULL);
INSERT INTO menu (menu_id,menu_nm,menu_desc,func_id,url,parent_id,onclick,onmouse_over,onmouse_down,sec_menu_nm,sec_menu_desc) VALUES (353,'PR Assign',NULL,32260120,'listPurchaseRequest_assign',35,NULL,NULL,NULL,'PR Assign',NULL);
INSERT INTO menu (menu_id,menu_nm,menu_desc,func_id,url,parent_id,onclick,onmouse_over,onmouse_down,sec_menu_nm,sec_menu_desc) VALUES (354,'TA Assign',NULL,32210120,'listTravelApplication_assign',35,NULL,NULL,NULL,'TA Assign',NULL);
INSERT INTO menu (menu_id,menu_nm,menu_desc,func_id,url,parent_id,onclick,onmouse_over,onmouse_down,sec_menu_nm,sec_menu_desc) VALUES (361,'Purchase Request',NULL,32262020,'reportPurchaseRequest',36,NULL,NULL,NULL,'Purchase Request',NULL);
INSERT INTO menu (menu_id,menu_nm,menu_desc,func_id,url,parent_id,onclick,onmouse_over,onmouse_down,sec_menu_nm,sec_menu_desc) VALUES (362,'Expense',NULL,32232010,'reportExpense',36,NULL,NULL,NULL,'Expense',NULL);
INSERT INTO menu (menu_id,menu_nm,menu_desc,func_id,url,parent_id,onclick,onmouse_over,onmouse_down,sec_menu_nm,sec_menu_desc) VALUES (363,'Traveling Application',NULL,32212020,'reportTravelApplication',36,NULL,NULL,NULL,'Traveling Application',NULL);
INSERT INTO menu (menu_id,menu_nm,menu_desc,func_id,url,parent_id,onclick,onmouse_over,onmouse_down,sec_menu_nm,sec_menu_desc) VALUES (364,'Capex',NULL,22252020,'reportCapexRequest',36,NULL,NULL,NULL,'Capex',NULL);
INSERT INTO menu (menu_id,menu_nm,menu_desc,func_id,url,parent_id,onclick,onmouse_over,onmouse_down,sec_menu_nm,sec_menu_desc) VALUES (365,'User Role',NULL,21140020,'reportUserRole',36,NULL,NULL,NULL,'User Role',NULL);
INSERT INTO menu (menu_id,menu_nm,menu_desc,func_id,url,parent_id,onclick,onmouse_over,onmouse_down,sec_menu_nm,sec_menu_desc) VALUES (366,'Purchase Order',NULL,22272020,'reportPurchaseOrder',36,NULL,NULL,NULL,'Purchase Order',NULL);
INSERT INTO menu (menu_id,menu_nm,menu_desc,func_id,url,parent_id,onclick,onmouse_over,onmouse_down,sec_menu_nm,sec_menu_desc) VALUES (2131,'Yearly Budget Filter',NULL,24240010,'listYearlyBudgetFilterRule',213,NULL,NULL,NULL,'Yearly Budget Filter',NULL);
INSERT INTO menu (menu_id,menu_nm,menu_desc,func_id,url,parent_id,onclick,onmouse_over,onmouse_down,sec_menu_nm,sec_menu_desc) VALUES (2132,'Capex Filter',NULL,24250010,'listCapexFilterRule',213,NULL,NULL,NULL,'Capex Filter',NULL);
INSERT INTO menu (menu_id,menu_nm,menu_desc,func_id,url,parent_id,onclick,onmouse_over,onmouse_down,sec_menu_nm,sec_menu_desc) VALUES (2133,'PR Filter',NULL,24260010,'listPurchaseRequestFilterRule',213,NULL,NULL,NULL,'PR Filter',NULL);
INSERT INTO menu (menu_id,menu_nm,menu_desc,func_id,url,parent_id,onclick,onmouse_over,onmouse_down,sec_menu_nm,sec_menu_desc) VALUES (2134,'PO Filter',NULL,24270010,'listPurchaseOrderFilterRule',213,NULL,NULL,NULL,'PO Filter',NULL);
INSERT INTO menu (menu_id,menu_nm,menu_desc,func_id,url,parent_id,onclick,onmouse_over,onmouse_down,sec_menu_nm,sec_menu_desc) VALUES (2135,'Expense Filter',NULL,24230010,'listExpenseFilterRule',213,NULL,NULL,NULL,'Expense Filter',NULL);
INSERT INTO menu (menu_id,menu_nm,menu_desc,func_id,url,parent_id,onclick,onmouse_over,onmouse_down,sec_menu_nm,sec_menu_desc) VALUES (2136,'TA Filter',NULL,24210010,'listTravelApplicationFilterRule',213,NULL,NULL,NULL,'TA Filter',NULL);
INSERT INTO menu (menu_id,menu_nm,menu_desc,func_id,url,parent_id,onclick,onmouse_over,onmouse_down,sec_menu_nm,sec_menu_desc) VALUES (2311,'Capex Approval Flow',NULL,25250010,'listCapexApprovalFlow',231,NULL,NULL,NULL,'Capex Approval Flow',NULL);
INSERT INTO menu (menu_id,menu_nm,menu_desc,func_id,url,parent_id,onclick,onmouse_over,onmouse_down,sec_menu_nm,sec_menu_desc) VALUES (2313,'PR Approval Flow',NULL,25260010,'listPRApprovalFlow',231,NULL,NULL,NULL,'PR Approval Flow',NULL);
INSERT INTO menu (menu_id,menu_nm,menu_desc,func_id,url,parent_id,onclick,onmouse_over,onmouse_down,sec_menu_nm,sec_menu_desc) VALUES (2315,'Purchasing Flow',NULL,25260011,'listPurchasingFlow',231,NULL,NULL,NULL,'Purchasing Flow',NULL);
INSERT INTO menu (menu_id,menu_nm,menu_desc,func_id,url,parent_id,onclick,onmouse_over,onmouse_down,sec_menu_nm,sec_menu_desc) VALUES (2317,'Purchasing Price Control Flow',NULL,25270011,'listPurchasingPriceControlFlow',231,NULL,NULL,NULL,'Purchasing Price Control Flow',NULL);
INSERT INTO menu (menu_id,menu_nm,menu_desc,func_id,url,parent_id,onclick,onmouse_over,onmouse_down,sec_menu_nm,sec_menu_desc) VALUES (2319,'PO Approval Flow',NULL,25270010,'listPOApprovalFlow',231,NULL,NULL,NULL,'PO Approval Flow',NULL);
INSERT INTO menu (menu_id,menu_nm,menu_desc,func_id,url,parent_id,onclick,onmouse_over,onmouse_down,sec_menu_nm,sec_menu_desc) VALUES (2322,'Expense Approval Flow',NULL,25230010,'listExpenseApprovalFlow',232,NULL,NULL,NULL,'Expense Approval Flow',NULL);
INSERT INTO menu (menu_id,menu_nm,menu_desc,func_id,url,parent_id,onclick,onmouse_over,onmouse_down,sec_menu_nm,sec_menu_desc) VALUES (2324,'Expense Claim Control Flow',NULL,25230011,'listExpenseClaimFlow',232,NULL,NULL,NULL,'Expense Claim Control Flow',NULL);
INSERT INTO menu (menu_id,menu_nm,menu_desc,func_id,url,parent_id,onclick,onmouse_over,onmouse_down,sec_menu_nm,sec_menu_desc) VALUES (2332,'Traveling Approval Flow',NULL,25210010,'listTravelApprovalFlow',233,NULL,NULL,NULL,'Traveling Approval Flow',NULL);
SET IDENTITY_INSERT menu OFF; 

SET IDENTITY_INSERT role ON;
INSERT INTO role (role_id,role_nm,role_desc,role_type) VALUES (1,'Global Admin (User Maintenance)',NULL,1);
INSERT INTO role (role_id,role_nm,role_desc,role_type) VALUES (2,'Site Admin (User Maintenance)',NULL,2);
INSERT INTO role (role_id,role_nm,role_desc,role_type) VALUES (3,'Approver (Expense)',NULL,4);
INSERT INTO role (role_id,role_nm,role_desc,role_type) VALUES (4,'Filter Route Maintainer (Yearly Budget)',NULL,2);
INSERT INTO role (role_id,role_nm,role_desc,role_type) VALUES (5,'Global Admin (Site Maintenance)',NULL,1);
INSERT INTO role (role_id,role_nm,role_desc,role_type) VALUES (6,'Requestor (My Expense)',NULL,4);
INSERT INTO role (role_id,role_nm,role_desc,role_type) VALUES (7,'Route Maintainer (Capex Approval)',NULL,2);
INSERT INTO role (role_id,role_nm,role_desc,role_type) VALUES (8,'Route Maintainer (Purchase Request Approval)',NULL,2);
INSERT INTO role (role_id,role_nm,role_desc,role_type) VALUES (9,'Route Maintainer (Purchasing)',NULL,2);
INSERT INTO role (role_id,role_nm,role_desc,role_type) VALUES (10,'Route Maintainer (Purchasing Price Control)',NULL,2);
INSERT INTO role (role_id,role_nm,role_desc,role_type) VALUES (11,'Route Maintainer (Purchase Order Approval)',NULL,2);
INSERT INTO role (role_id,role_nm,role_desc,role_type) VALUES (12,'Route Maintainer (Expense Approval)',NULL,2);
INSERT INTO role (role_id,role_nm,role_desc,role_type) VALUES (13,'Route Maintainer (Expense Claim Control)',NULL,2);
INSERT INTO role (role_id,role_nm,role_desc,role_type) VALUES (14,'Route Maintainer (Traval Application Approval)',NULL,2);
INSERT INTO role (role_id,role_nm,role_desc,role_type) VALUES (15,'Requestor (My Delegate Expense)',NULL,3);
INSERT INTO role (role_id,role_nm,role_desc,role_type) VALUES (16,'Finance (Expensen Final Confirm)',NULL,2);
INSERT INTO role (role_id,role_nm,role_desc,role_type) VALUES (17,'Filter Route Maintainer (Capex)',NULL,2);
INSERT INTO role (role_id,role_nm,role_desc,role_type) VALUES (18,'Filter Route Maintainer (Purchase Request)',NULL,2);
INSERT INTO role (role_id,role_nm,role_desc,role_type) VALUES (19,'Filter Route Maintainer (Purchase Order)',NULL,2);
INSERT INTO role (role_id,role_nm,role_desc,role_type) VALUES (20,'Filter Route Maintainer (Expense)',NULL,2);
INSERT INTO role (role_id,role_nm,role_desc,role_type) VALUES (21,'Filter Route Maintainer (Travel Application)',NULL,2);
INSERT INTO role (role_id,role_nm,role_desc,role_type) VALUES (22,'Report (Expense)',NULL,3);
INSERT INTO role (role_id,role_nm,role_desc,role_type) VALUES (23,'Supervisor (Approver Delegate)',NULL,3);
INSERT INTO role (role_id,role_nm,role_desc,role_type) VALUES (24,'Global Admin (Approver Delegate)',NULL,1);
INSERT INTO role (role_id,role_nm,role_desc,role_type) VALUES (25,'Requestor (My Travel Application)',NULL,4);
INSERT INTO role (role_id,role_nm,role_desc,role_type) VALUES (26,'Requestor (My Delegate Travel Application)',NULL,3);
INSERT INTO role (role_id,role_nm,role_desc,role_type) VALUES (27,'Approver (Travel Application)',NULL,4);
INSERT INTO role (role_id,role_nm,role_desc,role_type) VALUES (28,'Purchaser (My Pending Travel Application)',NULL,2);
INSERT INTO role (role_id,role_nm,role_desc,role_type) VALUES (29,'Purchaser (My Received Air Ticket)',NULL,2);
INSERT INTO role (role_id,role_nm,role_desc,role_type) VALUES (30,'Supervisor (Travel Application Assign)',NULL,3);
INSERT INTO role (role_id,role_nm,role_desc,role_type) VALUES (31,'Report (Travel Application)',NULL,3);
INSERT INTO role (role_id,role_nm,role_desc,role_type) VALUES (32,'Requestor (My Capex Request)',NULL,4);
INSERT INTO role (role_id,role_nm,role_desc,role_type) VALUES (33,'Approver (Capex)',NULL,4);
INSERT INTO role (role_id,role_nm,role_desc,role_type) VALUES (34,'Requestor (My Purchase Request)',NULL,4);
INSERT INTO role (role_id,role_nm,role_desc,role_type) VALUES (35,'Requestor (My Delegate Purchase Request)',NULL,4);
INSERT INTO role (role_id,role_nm,role_desc,role_type) VALUES (36,'Global Admin (System Security)',NULL,1);
INSERT INTO role (role_id,role_nm,role_desc,role_type) VALUES (37,'Global Admin (System Control)',NULL,1);
INSERT INTO role (role_id,role_nm,role_desc,role_type) VALUES (38,'Site Admin (System Control)',NULL,2);
INSERT INTO role (role_id,role_nm,role_desc,role_type) VALUES (39,'Approver (Purchase Request)',NULL,4);
INSERT INTO role (role_id,role_nm,role_desc,role_type) VALUES (40,'Purchaser (My Pending Purchase Request)',NULL,2);
INSERT INTO role (role_id,role_nm,role_desc,role_type) VALUES (41,'Supervisor (Purchase Request Assign)',NULL,3);
INSERT INTO role (role_id,role_nm,role_desc,role_type) VALUES (42,'Report (Purchase Request)',NULL,3);
INSERT INTO role (role_id,role_nm,role_desc,role_type) VALUES (43,'Requestor (My PO Receipt)',NULL,4);
INSERT INTO role (role_id,role_nm,role_desc,role_type) VALUES (44,'Approver (Purchase Order)',NULL,4);
INSERT INTO role (role_id,role_nm,role_desc,role_type) VALUES (45,'Purchaser (My Purchase Order)',NULL,2);
INSERT INTO role (role_id,role_nm,role_desc,role_type) VALUES (46,'Finance (PO Final Confirm)',NULL,2);
INSERT INTO role (role_id,role_nm,role_desc,role_type) VALUES (47,'Finance (PO Cancel)',NULL,2);
INSERT INTO role (role_id,role_nm,role_desc,role_type) VALUES (48,'Supervisor (Purchase Order Assign)',NULL,2);
INSERT INTO role (role_id,role_nm,role_desc,role_type) VALUES (49,'Finance (Yearly Budget)',NULL,2);
INSERT INTO role (role_id,role_nm,role_desc,role_type) VALUES (50,'Finance (Freeze/Unfreeze Yearly Budget)',NULL,2);
INSERT INTO role (role_id,role_nm,role_desc,role_type) VALUES (51,'Global Admin (Purchase Category)',NULL,1);
INSERT INTO role (role_id,role_nm,role_desc,role_type) VALUES (52,'Site Admin (Purchase Category)',NULL,2);
INSERT INTO role (role_id,role_nm,role_desc,role_type) VALUES (53,'Global Admin (Currency)',NULL,1);
INSERT INTO role (role_id,role_nm,role_desc,role_type) VALUES (54,'Global Admin (Metadata)',NULL,1);
INSERT INTO role (role_id,role_nm,role_desc,role_type) VALUES (55,'Global Admin (Global Parameter)',NULL,1);
INSERT INTO role (role_id,role_nm,role_desc,role_type) VALUES (56,'Site Admin (Site Parameter)',NULL,2);
INSERT INTO role (role_id,role_nm,role_desc,role_type) VALUES (57,'Site Admin (Expense Category)',NULL,2);
INSERT INTO role (role_id,role_nm,role_desc,role_type) VALUES (58,'Site Admin (Exchange Rate)',NULL,2);
INSERT INTO role (role_id,role_nm,role_desc,role_type) VALUES (59,'Global Admin (Supplier)',NULL,1);
INSERT INTO role (role_id,role_nm,role_desc,role_type) VALUES (60,'Site Admin (Supplier)',NULL,2);
INSERT INTO role (role_id,role_nm,role_desc,role_type) VALUES (61,'Global Admin (Supplier Confirmation)',NULL,1);
INSERT INTO role (role_id,role_nm,role_desc,role_type) VALUES (62,'Site Admin (Supplier Confirmation)',NULL,2);
INSERT INTO role (role_id,role_nm,role_desc,role_type) VALUES (63,'Global Admin (Country/Province/City)',NULL,1);
INSERT INTO role (role_id,role_nm,role_desc,role_type) VALUES (64,'Site Admin (Country/Province/City)',NULL,2);
INSERT INTO role (role_id,role_nm,role_desc,role_type) VALUES (65,'Global Admin (Hotel)',NULL,1);
INSERT INTO role (role_id,role_nm,role_desc,role_type) VALUES (66,'Site Admin (Hotel)',NULL,2);
INSERT INTO role (role_id,role_nm,role_desc,role_type) VALUES (67,'Site Admin (Department Maintenance)',NULL,2);
INSERT INTO role (role_id,role_nm,role_desc,role_type) VALUES (68,'Site Admin (Travel Group)',NULL,2);
INSERT INTO role (role_id,role_nm,role_desc,role_type) VALUES (69,'Report (Capex)',NULL,2);
INSERT INTO role (role_id,role_nm,role_desc,role_type) VALUES (70,'Supervisor (View Yearly Budget Amount)',NULL,3);
INSERT INTO role (role_id,role_nm,role_desc,role_type) VALUES (71,'Supervisor (View Capex Amount)',NULL,3);
INSERT INTO role (role_id,role_nm,role_desc,role_type) VALUES (72,'Report (Purchase Order)',NULL,2);
INSERT INTO role (role_id,role_nm,role_desc,role_type) VALUES (73,'Finance (Expensen Final Claim)',NULL,2);
INSERT INTO role (role_id,role_nm,role_desc,role_type) VALUES (74,'Supervisor (View Expense Budget Amount)',NULL,3);
SET IDENTITY_INSERT role OFF; 

INSERT INTO role_function (role_id,func_id) VALUES (1,11140020);
INSERT INTO role_function (role_id,func_id) VALUES (1,21140010);
INSERT INTO role_function (role_id,func_id) VALUES (2,21140010);
INSERT INTO role_function (role_id,func_id) VALUES (2,21140020);
INSERT INTO role_function (role_id,func_id) VALUES (3,12231010);
INSERT INTO role_function (role_id,func_id) VALUES (3,13200011);
INSERT INTO role_function (role_id,func_id) VALUES (4,24240010);
INSERT INTO role_function (role_id,func_id) VALUES (5,11130010);
INSERT INTO role_function (role_id,func_id) VALUES (6,12230020);
INSERT INTO role_function (role_id,func_id) VALUES (6,12230030);
INSERT INTO role_function (role_id,func_id) VALUES (6,12230040);
INSERT INTO role_function (role_id,func_id) VALUES (6,12230050);
INSERT INTO role_function (role_id,func_id) VALUES (6,12230060);
INSERT INTO role_function (role_id,func_id) VALUES (6,12230070);
INSERT INTO role_function (role_id,func_id) VALUES (6,22230041);
INSERT INTO role_function (role_id,func_id) VALUES (7,23250010);
INSERT INTO role_function (role_id,func_id) VALUES (7,25250010);
INSERT INTO role_function (role_id,func_id) VALUES (7,25250011);
INSERT INTO role_function (role_id,func_id) VALUES (8,23260010);
INSERT INTO role_function (role_id,func_id) VALUES (8,25260010);
INSERT INTO role_function (role_id,func_id) VALUES (8,25260012);
INSERT INTO role_function (role_id,func_id) VALUES (9,23260011);
INSERT INTO role_function (role_id,func_id) VALUES (9,25260011);
INSERT INTO role_function (role_id,func_id) VALUES (9,25260013);
INSERT INTO role_function (role_id,func_id) VALUES (10,23270011);
INSERT INTO role_function (role_id,func_id) VALUES (10,25270011);
INSERT INTO role_function (role_id,func_id) VALUES (10,25270013);
INSERT INTO role_function (role_id,func_id) VALUES (11,23270010);
INSERT INTO role_function (role_id,func_id) VALUES (11,25270010);
INSERT INTO role_function (role_id,func_id) VALUES (11,25270012);
INSERT INTO role_function (role_id,func_id) VALUES (12,23230010);
INSERT INTO role_function (role_id,func_id) VALUES (12,25230010);
INSERT INTO role_function (role_id,func_id) VALUES (12,25230011);
INSERT INTO role_function (role_id,func_id) VALUES (12,25230012);
INSERT INTO role_function (role_id,func_id) VALUES (13,23230011);
INSERT INTO role_function (role_id,func_id) VALUES (13,25230011);
INSERT INTO role_function (role_id,func_id) VALUES (13,25230013);
INSERT INTO role_function (role_id,func_id) VALUES (14,23210010);
INSERT INTO role_function (role_id,func_id) VALUES (14,25210010);
INSERT INTO role_function (role_id,func_id) VALUES (14,25210011);
INSERT INTO role_function (role_id,func_id) VALUES (15,22230041);
INSERT INTO role_function (role_id,func_id) VALUES (15,32230020);
INSERT INTO role_function (role_id,func_id) VALUES (15,32230030);
INSERT INTO role_function (role_id,func_id) VALUES (15,32230040);
INSERT INTO role_function (role_id,func_id) VALUES (15,32230050);
INSERT INTO role_function (role_id,func_id) VALUES (15,32230060);
INSERT INTO role_function (role_id,func_id) VALUES (15,32230070);
INSERT INTO role_function (role_id,func_id) VALUES (16,22230010);
INSERT INTO role_function (role_id,func_id) VALUES (16,22230041);
INSERT INTO role_function (role_id,func_id) VALUES (17,24250010);
INSERT INTO role_function (role_id,func_id) VALUES (18,24260010);
INSERT INTO role_function (role_id,func_id) VALUES (19,24270010);
INSERT INTO role_function (role_id,func_id) VALUES (20,24230010);
INSERT INTO role_function (role_id,func_id) VALUES (21,24210010);
INSERT INTO role_function (role_id,func_id) VALUES (22,32232010);
INSERT INTO role_function (role_id,func_id) VALUES (23,33200010);
INSERT INTO role_function (role_id,func_id) VALUES (23,33200011);
INSERT INTO role_function (role_id,func_id) VALUES (24,13200010);
INSERT INTO role_function (role_id,func_id) VALUES (24,33200011);
INSERT INTO role_function (role_id,func_id) VALUES (25,12210020);
INSERT INTO role_function (role_id,func_id) VALUES (25,12210030);
INSERT INTO role_function (role_id,func_id) VALUES (25,12210040);
INSERT INTO role_function (role_id,func_id) VALUES (25,12210050);
INSERT INTO role_function (role_id,func_id) VALUES (25,12210060);
INSERT INTO role_function (role_id,func_id) VALUES (25,12210140);
INSERT INTO role_function (role_id,func_id) VALUES (25,12210220);
INSERT INTO role_function (role_id,func_id) VALUES (26,32210020);
INSERT INTO role_function (role_id,func_id) VALUES (26,32210030);
INSERT INTO role_function (role_id,func_id) VALUES (26,32210040);
INSERT INTO role_function (role_id,func_id) VALUES (26,32210050);
INSERT INTO role_function (role_id,func_id) VALUES (26,32210060);
INSERT INTO role_function (role_id,func_id) VALUES (26,32210220);
INSERT INTO role_function (role_id,func_id) VALUES (27,12211010);
INSERT INTO role_function (role_id,func_id) VALUES (27,13200011);
INSERT INTO role_function (role_id,func_id) VALUES (28,32210150);
INSERT INTO role_function (role_id,func_id) VALUES (29,22220160);
INSERT INTO role_function (role_id,func_id) VALUES (30,32210120);
INSERT INTO role_function (role_id,func_id) VALUES (31,32212020);
INSERT INTO role_function (role_id,func_id) VALUES (32,21100110);
INSERT INTO role_function (role_id,func_id) VALUES (32,32250020);
INSERT INTO role_function (role_id,func_id) VALUES (32,32250030);
INSERT INTO role_function (role_id,func_id) VALUES (32,32250040);
INSERT INTO role_function (role_id,func_id) VALUES (32,32250050);
INSERT INTO role_function (role_id,func_id) VALUES (32,32250060);
INSERT INTO role_function (role_id,func_id) VALUES (32,32250070);
INSERT INTO role_function (role_id,func_id) VALUES (33,12251010);
INSERT INTO role_function (role_id,func_id) VALUES (33,13200011);
INSERT INTO role_function (role_id,func_id) VALUES (34,12260020);
INSERT INTO role_function (role_id,func_id) VALUES (34,12260030);
INSERT INTO role_function (role_id,func_id) VALUES (34,12260040);
INSERT INTO role_function (role_id,func_id) VALUES (34,12260050);
INSERT INTO role_function (role_id,func_id) VALUES (34,12260060);
INSERT INTO role_function (role_id,func_id) VALUES (34,12260070);
INSERT INTO role_function (role_id,func_id) VALUES (34,21100110);
INSERT INTO role_function (role_id,func_id) VALUES (35,12260021);
INSERT INTO role_function (role_id,func_id) VALUES (35,12260031);
INSERT INTO role_function (role_id,func_id) VALUES (35,12260041);
INSERT INTO role_function (role_id,func_id) VALUES (35,12260051);
INSERT INTO role_function (role_id,func_id) VALUES (35,12260061);
INSERT INTO role_function (role_id,func_id) VALUES (35,12260071);
INSERT INTO role_function (role_id,func_id) VALUES (35,21100110);
INSERT INTO role_function (role_id,func_id) VALUES (36,11030010);
INSERT INTO role_function (role_id,func_id) VALUES (36,11040010);
INSERT INTO role_function (role_id,func_id) VALUES (36,11050010);
INSERT INTO role_function (role_id,func_id) VALUES (37,11010020);
INSERT INTO role_function (role_id,func_id) VALUES (37,11020010);
INSERT INTO role_function (role_id,func_id) VALUES (38,21010020);
INSERT INTO role_function (role_id,func_id) VALUES (38,21020010);
INSERT INTO role_function (role_id,func_id) VALUES (39,12260060);
INSERT INTO role_function (role_id,func_id) VALUES (39,12261010);
INSERT INTO role_function (role_id,func_id) VALUES (39,13200011);
INSERT INTO role_function (role_id,func_id) VALUES (40,22260150);
INSERT INTO role_function (role_id,func_id) VALUES (40,22270060);
INSERT INTO role_function (role_id,func_id) VALUES (41,32260120);
INSERT INTO role_function (role_id,func_id) VALUES (42,32262020);
INSERT INTO role_function (role_id,func_id) VALUES (42,32262060);
INSERT INTO role_function (role_id,func_id) VALUES (43,12270130);
INSERT INTO role_function (role_id,func_id) VALUES (44,12271020);
INSERT INTO role_function (role_id,func_id) VALUES (44,12271040);
INSERT INTO role_function (role_id,func_id) VALUES (44,12271060);
INSERT INTO role_function (role_id,func_id) VALUES (44,13200011);
INSERT INTO role_function (role_id,func_id) VALUES (45,21100110);
INSERT INTO role_function (role_id,func_id) VALUES (45,22270020);
INSERT INTO role_function (role_id,func_id) VALUES (45,22270040);
INSERT INTO role_function (role_id,func_id) VALUES (45,22270061);
INSERT INTO role_function (role_id,func_id) VALUES (45,22270070);
INSERT INTO role_function (role_id,func_id) VALUES (45,22270080);
INSERT INTO role_function (role_id,func_id) VALUES (45,22270090);
INSERT INTO role_function (role_id,func_id) VALUES (45,22270100);
INSERT INTO role_function (role_id,func_id) VALUES (45,32260060);
INSERT INTO role_function (role_id,func_id) VALUES (46,21100110);
INSERT INTO role_function (role_id,func_id) VALUES (46,22270061);
INSERT INTO role_function (role_id,func_id) VALUES (46,22270110);
INSERT INTO role_function (role_id,func_id) VALUES (46,32260060);
INSERT INTO role_function (role_id,func_id) VALUES (47,22270080);
INSERT INTO role_function (role_id,func_id) VALUES (47,22270081);
INSERT INTO role_function (role_id,func_id) VALUES (48,22270120);
INSERT INTO role_function (role_id,func_id) VALUES (49,22240020);
INSERT INTO role_function (role_id,func_id) VALUES (49,22240030);
INSERT INTO role_function (role_id,func_id) VALUES (49,22240040);
INSERT INTO role_function (role_id,func_id) VALUES (49,22240170);
INSERT INTO role_function (role_id,func_id) VALUES (50,22240180);
INSERT INTO role_function (role_id,func_id) VALUES (51,11060010);
INSERT INTO role_function (role_id,func_id) VALUES (52,21060010);
INSERT INTO role_function (role_id,func_id) VALUES (53,21070010);
INSERT INTO role_function (role_id,func_id) VALUES (54,11080010);
INSERT INTO role_function (role_id,func_id) VALUES (55,11090010);
INSERT INTO role_function (role_id,func_id) VALUES (56,21170010);
INSERT INTO role_function (role_id,func_id) VALUES (57,21150010);
INSERT INTO role_function (role_id,func_id) VALUES (58,21160010);
INSERT INTO role_function (role_id,func_id) VALUES (59,11100010);
INSERT INTO role_function (role_id,func_id) VALUES (60,21100010);
INSERT INTO role_function (role_id,func_id) VALUES (61,11100070);
INSERT INTO role_function (role_id,func_id) VALUES (62,21100070);
INSERT INTO role_function (role_id,func_id) VALUES (63,11110020);
INSERT INTO role_function (role_id,func_id) VALUES (63,11110070);
INSERT INTO role_function (role_id,func_id) VALUES (63,21110010);
INSERT INTO role_function (role_id,func_id) VALUES (64,21110010);
INSERT INTO role_function (role_id,func_id) VALUES (64,21110020);
INSERT INTO role_function (role_id,func_id) VALUES (65,11120010);
INSERT INTO role_function (role_id,func_id) VALUES (66,21120010);
INSERT INTO role_function (role_id,func_id) VALUES (67,21180010);
INSERT INTO role_function (role_id,func_id) VALUES (68,21190010);
INSERT INTO role_function (role_id,func_id) VALUES (69,22252020);
INSERT INTO role_function (role_id,func_id) VALUES (70,32240010);
INSERT INTO role_function (role_id,func_id) VALUES (71,32250010);
INSERT INTO role_function (role_id,func_id) VALUES (73,22230011);
INSERT INTO role_function (role_id,func_id) VALUES (74,32240011);

/*==============================================================*/
/* currency data                                                */
/*==============================================================*/
INSERT INTO currency (curr_cd,curr_nm,is_enabled) VALUES ('RMB','RMB',0);
INSERT INTO currency (curr_cd,curr_nm,is_enabled) VALUES ('USD','USD',0);

/*==============================================================*/
/* global_para data                                             */
/*==============================================================*/
SET IDENTITY_INSERT global_para ON;
INSERT INTO global_para (global_para_id,smtp_addr,smtp_user,smtp_pwd,min_pwd_len,pwd_expire_day,max_wrg_pwd_lmt,is_ldap_auth,ldap_ser_nm,ldap_ser_ip,ldap_ser_port,ldap_root_dn,ldap_username,ldap_password,ldap_query,ldap_filter) VALUES (1,'localhost','test','test',6,100,5,1,NULL,NULL,NULL,NULL,NULL,NULL,NULL,NULL);
SET IDENTITY_INSERT global_para OFF; 

/*==============================================================*/
/* site data                                                    */
/*==============================================================*/
SET IDENTITY_INSERT site ON;
INSERT INTO site (site_id,site_nm,site_mgr,site_curr,site_logo,can_recharge,is_enabled,site_city,site_activity) VALUES 
 (1,'ABC Company',NULL,'RMB',NULL,0,0,2,NULL);
SET IDENTITY_INSERT site OFF;

SET IDENTITY_INSERT expense_ctgy ON;
INSERT INTO expense_ctgy (exp_ctgy_id,exp_ctgy_desc,exp_ctgy_site,exp_ctgy_type,ref_erp_no,is_enabled) VALUES (1,'CashINADV',1,1,'CashINAD',0);
INSERT INTO expense_ctgy (exp_ctgy_id,exp_ctgy_desc,exp_ctgy_site,exp_ctgy_type,ref_erp_no,is_enabled) VALUES (2,'Entertm',1,2,'Entertm',0);
INSERT INTO expense_ctgy (exp_ctgy_id,exp_ctgy_desc,exp_ctgy_site,exp_ctgy_type,ref_erp_no,is_enabled) VALUES (3,'Gift',1,2,'Gift',0);
INSERT INTO expense_ctgy (exp_ctgy_id,exp_ctgy_desc,exp_ctgy_site,exp_ctgy_type,ref_erp_no,is_enabled) VALUES (4,'Travel',1,1,'Travel',0);
SET IDENTITY_INSERT expense_ctgy OFF;

SET IDENTITY_INSERT expense_subctgy ON;
INSERT INTO expense_subctgy (exp_subctgy_id,exp_ctgy_id,exp_subctgy_des,ref_erp_no,is_enabled,is_hotel) VALUES (1,4,'Hotel','exp001',0,0);
INSERT INTO expense_subctgy (exp_subctgy_id,exp_ctgy_id,exp_subctgy_des,ref_erp_no,is_enabled,is_hotel) VALUES (2,4,'Taxi','exp002',0,1);
INSERT INTO expense_subctgy (exp_subctgy_id,exp_ctgy_id,exp_subctgy_des,ref_erp_no,is_enabled,is_hotel) VALUES (3,4,'Meal','exp003',0,1);
INSERT INTO expense_subctgy (exp_subctgy_id,exp_ctgy_id,exp_subctgy_des,ref_erp_no,is_enabled,is_hotel) VALUES (4,2,'Entertainment Internal','exp004',0,1);
INSERT INTO expense_subctgy (exp_subctgy_id,exp_ctgy_id,exp_subctgy_des,ref_erp_no,is_enabled,is_hotel) VALUES (5,1,'Cash In Advance','exp005',0,1);
INSERT INTO expense_subctgy (exp_subctgy_id,exp_ctgy_id,exp_subctgy_des,ref_erp_no,is_enabled,is_hotel) VALUES (6,3,'gift','exp006',0,1);
INSERT INTO expense_subctgy (exp_subctgy_id,exp_ctgy_id,exp_subctgy_des,ref_erp_no,is_enabled,is_hotel) VALUES (7,2,'Entertainment External',NULL,0,1);
SET IDENTITY_INSERT expense_subctgy OFF;

SET IDENTITY_INSERT travel_group_mst ON;
INSERT INTO travel_group_mst (tvl_grp_id,tvl_grp_nm,tvl_grp_site,is_enabled) VALUES (1,'General Travel Group',1,0);
SET IDENTITY_INSERT travel_group_mst OFF;

INSERT INTO travel_group_det (tvl_grp_id,exp_subctgy_id,domes_amt_limit,overs_amt_limit) VALUES (1,1,NULL,NULL);
INSERT INTO travel_group_det (tvl_grp_id,exp_subctgy_id,domes_amt_limit,overs_amt_limit) VALUES (1,2,NULL,NULL);
INSERT INTO travel_group_det (tvl_grp_id,exp_subctgy_id,domes_amt_limit,overs_amt_limit) VALUES (1,3,NULL,NULL);

SET IDENTITY_INSERT exchange_rate ON;
INSERT INTO exchange_rate (exch_rate_id,curr_code,site_id,exchange_rate) VALUES (1,'RMB',1,'1.0000');
INSERT INTO exchange_rate (exch_rate_id,curr_code,site_id,exchange_rate) VALUES (2,'USD',1,'7.0000');
SET IDENTITY_INSERT exchange_rate OFF;

INSERT INTO erp_tran (site_id,start_time,time_per_day,interval_min,succ_mail_to,fail_mail_to,export_file_type,serv_addr,serv_port,serv_user,serv_pwd,serv_dir) VALUES (1,'23:00:00',1,1440,NULL,NULL,1,'localhost',21,'mfg','mfg','/');

SET IDENTITY_INSERT proj_cd ON;
INSERT INTO proj_cd (proj_id,proj_cd,is_enabled,proj_site,description) VALUES (1,'proj002',0,1,'proj0002');
INSERT INTO proj_cd (proj_id,proj_cd,is_enabled,proj_site,description) VALUES (2,'proj001',0,1,'proj0001');
SET IDENTITY_INSERT proj_cd OFF; 

/*==============================================================*/
/* department data                                              */
/*==============================================================*/
SET IDENTITY_INSERT department ON;
INSERT INTO department (dep_id,dep_site,parent_id,dep_mgr,is_enabled,dep_name) VALUES (1,1,NULL,NULL,0,'PMC Department');
INSERT INTO department (dep_id,dep_site,parent_id,dep_mgr,is_enabled,dep_name) VALUES (2,1,NULL,NULL,0,'Purchase Department');
INSERT INTO department (dep_id,dep_site,parent_id,dep_mgr,is_enabled,dep_name) VALUES (3,1,NULL,NULL,0,'Finance Department');
INSERT INTO department (dep_id,dep_site,parent_id,dep_mgr,is_enabled,dep_name) VALUES (4,1,NULL,NULL,0,'GM');
SET IDENTITY_INSERT department OFF; 

/*==============================================================*/
/* user data                                                    */
/*==============================================================*/
SET IDENTITY_INSERT oa_user ON;
INSERT INTO oa_user (user_id,user_cd,user_pwd,user_nm,gender,email,tele_no,primary_site,pwd_hint_quest,pwd_hint_answer,last_login_time,login_fail_time,is_enabled,locale) VALUES (1,'admin','72F4F10A40C4BE8FBF63B79CBF21ABCA','Administrator',0,'admin@gobal.com',NULL,1,NULL,NULL,'2009-03-09 20:34:30',0,0,'en');
INSERT INTO oa_user (user_id,user_cd,user_pwd,user_nm,gender,email,tele_no,primary_site,pwd_hint_quest,pwd_hint_answer,last_login_time,login_fail_time,is_enabled,locale) VALUES (2,'abcadmin','72F4F10A40C4BE8FBF63B79CBF21ABCA','ABC company admin',0,'siteadmin@abc.com',NULL,1,NULL,NULL,'2009-03-05 13:28:17',0,0,'en');
INSERT INTO oa_user (user_id,user_cd,user_pwd,user_nm,gender,email,tele_no,primary_site,pwd_hint_quest,pwd_hint_answer,last_login_time,login_fail_time,is_enabled,locale) VALUES (3,'abcgm','72F4F10A40C4BE8FBF63B79CBF21ABCA','ABC Company GM',0,'gm@abc.com',NULL,1,NULL,NULL,'2009-03-04 21:43:36',0,0,'en');
INSERT INTO oa_user (user_id,user_cd,user_pwd,user_nm,gender,email,tele_no,primary_site,pwd_hint_quest,pwd_hint_answer,last_login_time,login_fail_time,is_enabled,locale) VALUES (4,'abccfo','72F4F10A40C4BE8FBF63B79CBF21ABCA','ABC company CFO',0,'cfo@abc.com',NULL,1,NULL,NULL,'2009-03-03 21:17:39',0,0,'en');
INSERT INTO oa_user (user_id,user_cd,user_pwd,user_nm,gender,email,tele_no,primary_site,pwd_hint_quest,pwd_hint_answer,last_login_time,login_fail_time,is_enabled,locale) VALUES (5,'abcmanager','72F4F10A40C4BE8FBF63B79CBF21ABCA','ABC company Manager',0,'manager@abc.com',NULL,1,NULL,NULL,'2009-03-05 13:37:55',0,0,'en');
INSERT INTO oa_user (user_id,user_cd,user_pwd,user_nm,gender,email,tele_no,primary_site,pwd_hint_quest,pwd_hint_answer,last_login_time,login_fail_time,is_enabled,locale) VALUES (6,'abcpurchaser','72F4F10A40C4BE8FBF63B79CBF21ABCA','ABC company purchaser',0,'purchaser@abc.com',NULL,1,NULL,NULL,'2009-01-12 08:22:55',0,0,'en');
INSERT INTO oa_user (user_id,user_cd,user_pwd,user_nm,gender,email,tele_no,primary_site,pwd_hint_quest,pwd_hint_answer,last_login_time,login_fail_time,is_enabled,locale) VALUES (7,'abcuser','72F4F10A40C4BE8FBF63B79CBF21ABCA','ABC company user',0,'user@abc.com',NULL,1,NULL,NULL,'2009-03-05 14:29:49',0,0,'en');
INSERT INTO oa_user (user_id,user_cd,user_pwd,user_nm,gender,email,tele_no,primary_site,pwd_hint_quest,pwd_hint_answer,last_login_time,login_fail_time,is_enabled,locale) VALUES (8,'abcrc','72F4F10A40C4BE8FBF63B79CBF21ABCA','ABC company RC',0,'rc@abc.com',NULL,1,NULL,NULL,'2009-03-04 19:13:54',0,0,'en');
INSERT INTO oa_user (user_id,user_cd,user_pwd,user_nm,gender,email,tele_no,primary_site,pwd_hint_quest,pwd_hint_answer,last_login_time,login_fail_time,is_enabled,locale) VALUES (9,'abcpurchasemanager','72F4F10A40C4BE8FBF63B79CBF21ABCA','ABC company purchaser manager',0,'purmanager@abc.com',NULL,1,NULL,NULL,'2009-01-12 08:27:00',0,0,'en');
INSERT INTO oa_user (user_id,user_cd,user_pwd,user_nm,gender,email,tele_no,primary_site,pwd_hint_quest,pwd_hint_answer,last_login_time,login_fail_time,is_enabled,locale) VALUES (10,'abcfin','72F4F10A40C4BE8FBF63B79CBF21ABCA','ABC company FIN',0,'fin@abc.com',NULL,1,NULL,NULL,'2009-03-05 13:38:17',0,0,'en');
INSERT INTO oa_user (user_id,user_cd,user_pwd,user_nm,gender,email,tele_no,primary_site,pwd_hint_quest,pwd_hint_answer,last_login_time,login_fail_time,is_enabled,locale) VALUES (11,'abchr','72F4F10A40C4BE8FBF63B79CBF21ABCA','ABC Company HR',0,'hr@abc.com',NULL,1,NULL,NULL,'2009-03-05 10:37:35',0,0,'en');
INSERT INTO oa_user (user_id,user_cd,user_pwd,user_nm,gender,email,tele_no,primary_site,pwd_hint_quest,pwd_hint_answer,last_login_time,login_fail_time,is_enabled,locale) VALUES (12,'abcfinmanger','72F4F10A40C4BE8FBF63B79CBF21ABCA','ABC Company Finance Manager',0,'finmanger@abc.com',NULL,1,NULL,NULL,'2009-03-05 13:28:29',0,0,'en');
SET IDENTITY_INSERT oa_user OFF;

INSERT INTO user_site (user_id,site_id,tvl_grp_id) VALUES (2,1,1);
INSERT INTO user_site (user_id,site_id,tvl_grp_id) VALUES (3,1,1);
INSERT INTO user_site (user_id,site_id,tvl_grp_id) VALUES (4,1,1);
INSERT INTO user_site (user_id,site_id,tvl_grp_id) VALUES (5,1,1);
INSERT INTO user_site (user_id,site_id,tvl_grp_id) VALUES (6,1,1);
INSERT INTO user_site (user_id,site_id,tvl_grp_id) VALUES (7,1,1);
INSERT INTO user_site (user_id,site_id,tvl_grp_id) VALUES (8,1,1);
INSERT INTO user_site (user_id,site_id,tvl_grp_id) VALUES (9,1,1);
INSERT INTO user_site (user_id,site_id,tvl_grp_id) VALUES (10,1,1);
INSERT INTO user_site (user_id,site_id,tvl_grp_id) VALUES (11,1,1);
INSERT INTO user_site (user_id,site_id,tvl_grp_id) VALUES (12,1,1);

INSERT INTO user_department (user_id,dep_id,title) VALUES (3,4,NULL);
INSERT INTO user_department (user_id,dep_id,title) VALUES (4,3,NULL);
INSERT INTO user_department (user_id,dep_id,title) VALUES (5,1,NULL);
INSERT INTO user_department (user_id,dep_id,title) VALUES (6,2,NULL);
INSERT INTO user_department (user_id,dep_id,title) VALUES (7,1,NULL);
INSERT INTO user_department (user_id,dep_id,title) VALUES (8,1,NULL);
INSERT INTO user_department (user_id,dep_id,title) VALUES (9,2,NULL);
INSERT INTO user_department (user_id,dep_id,title) VALUES (10,3,NULL);
INSERT INTO user_department (user_id,dep_id,title) VALUES (11,1,NULL);
INSERT INTO user_department (user_id,dep_id,title) VALUES (12,3,NULL);

SET IDENTITY_INSERT user_role ON;
INSERT INTO user_role (user_id,role_id,granted_dep,granted_site,user_role_id) VALUES (1,1,NULL,NULL,141);
INSERT INTO user_role (user_id,role_id,granted_dep,granted_site,user_role_id) VALUES (1,5,NULL,NULL,19);
INSERT INTO user_role (user_id,role_id,granted_dep,granted_site,user_role_id) VALUES (1,24,NULL,NULL,109);
INSERT INTO user_role (user_id,role_id,granted_dep,granted_site,user_role_id) VALUES (1,36,NULL,NULL,2);
INSERT INTO user_role (user_id,role_id,granted_dep,granted_site,user_role_id) VALUES (1,37,NULL,NULL,123);
INSERT INTO user_role (user_id,role_id,granted_dep,granted_site,user_role_id) VALUES (1,51,NULL,NULL,18);
INSERT INTO user_role (user_id,role_id,granted_dep,granted_site,user_role_id) VALUES (1,53,NULL,NULL,14);
INSERT INTO user_role (user_id,role_id,granted_dep,granted_site,user_role_id) VALUES (1,54,NULL,NULL,17);
INSERT INTO user_role (user_id,role_id,granted_dep,granted_site,user_role_id) VALUES (1,55,NULL,NULL,15);
INSERT INTO user_role (user_id,role_id,granted_dep,granted_site,user_role_id) VALUES (1,59,NULL,NULL,21);
INSERT INTO user_role (user_id,role_id,granted_dep,granted_site,user_role_id) VALUES (1,61,NULL,NULL,20);
INSERT INTO user_role (user_id,role_id,granted_dep,granted_site,user_role_id) VALUES (1,63,NULL,NULL,13);
INSERT INTO user_role (user_id,role_id,granted_dep,granted_site,user_role_id) VALUES (1,65,NULL,NULL,16);
INSERT INTO user_role (user_id,role_id,granted_dep,granted_site,user_role_id) VALUES (2,2,NULL,1,160);
INSERT INTO user_role (user_id,role_id,granted_dep,granted_site,user_role_id) VALUES (2,12,NULL,1,144);
INSERT INTO user_role (user_id,role_id,granted_dep,granted_site,user_role_id) VALUES (2,13,NULL,1,146);
INSERT INTO user_role (user_id,role_id,granted_dep,granted_site,user_role_id) VALUES (2,14,NULL,1,151);
INSERT INTO user_role (user_id,role_id,granted_dep,granted_site,user_role_id) VALUES (2,56,NULL,1,204);
INSERT INTO user_role (user_id,role_id,granted_dep,granted_site,user_role_id) VALUES (2,57,NULL,1,143);
INSERT INTO user_role (user_id,role_id,granted_dep,granted_site,user_role_id) VALUES (2,64,NULL,1,198);
INSERT INTO user_role (user_id,role_id,granted_dep,granted_site,user_role_id) VALUES (2,66,NULL,1,199);
INSERT INTO user_role (user_id,role_id,granted_dep,granted_site,user_role_id) VALUES (2,67,NULL,1,159);
INSERT INTO user_role (user_id,role_id,granted_dep,granted_site,user_role_id) VALUES (2,68,NULL,1,142);
INSERT INTO user_role (user_id,role_id,granted_dep,granted_site,user_role_id) VALUES (3,3,NULL,NULL,177);
INSERT INTO user_role (user_id,role_id,granted_dep,granted_site,user_role_id) VALUES (3,27,NULL,NULL,180);
INSERT INTO user_role (user_id,role_id,granted_dep,granted_site,user_role_id) VALUES (3,74,1,1,209);
INSERT INTO user_role (user_id,role_id,granted_dep,granted_site,user_role_id) VALUES (4,3,NULL,NULL,181);
INSERT INTO user_role (user_id,role_id,granted_dep,granted_site,user_role_id) VALUES (4,27,NULL,NULL,184);
INSERT INTO user_role (user_id,role_id,granted_dep,granted_site,user_role_id) VALUES (4,74,1,1,208);
INSERT INTO user_role (user_id,role_id,granted_dep,granted_site,user_role_id) VALUES (5,3,NULL,NULL,170);
INSERT INTO user_role (user_id,role_id,granted_dep,granted_site,user_role_id) VALUES (5,6,NULL,NULL,166);
INSERT INTO user_role (user_id,role_id,granted_dep,granted_site,user_role_id) VALUES (5,25,NULL,NULL,169);
INSERT INTO user_role (user_id,role_id,granted_dep,granted_site,user_role_id) VALUES (5,27,NULL,NULL,172);
INSERT INTO user_role (user_id,role_id,granted_dep,granted_site,user_role_id) VALUES (5,74,1,1,206);
INSERT INTO user_role (user_id,role_id,granted_dep,granted_site,user_role_id) VALUES (6,40,NULL,1,173);
INSERT INTO user_role (user_id,role_id,granted_dep,granted_site,user_role_id) VALUES (6,43,NULL,NULL,174);
INSERT INTO user_role (user_id,role_id,granted_dep,granted_site,user_role_id) VALUES (6,45,NULL,1,175);
INSERT INTO user_role (user_id,role_id,granted_dep,granted_site,user_role_id) VALUES (7,6,NULL,NULL,161);
INSERT INTO user_role (user_id,role_id,granted_dep,granted_site,user_role_id) VALUES (7,25,NULL,NULL,164);
INSERT INTO user_role (user_id,role_id,granted_dep,granted_site,user_role_id) VALUES (7,74,1,1,205);
INSERT INTO user_role (user_id,role_id,granted_dep,granted_site,user_role_id) VALUES (8,28,NULL,1,165);
INSERT INTO user_role (user_id,role_id,granted_dep,granted_site,user_role_id) VALUES (9,3,NULL,NULL,190);
INSERT INTO user_role (user_id,role_id,granted_dep,granted_site,user_role_id) VALUES (9,6,NULL,NULL,185);
INSERT INTO user_role (user_id,role_id,granted_dep,granted_site,user_role_id) VALUES (9,25,NULL,NULL,189);
INSERT INTO user_role (user_id,role_id,granted_dep,granted_site,user_role_id) VALUES (9,27,NULL,NULL,193);
INSERT INTO user_role (user_id,role_id,granted_dep,granted_site,user_role_id) VALUES (10,49,NULL,1,203);
INSERT INTO user_role (user_id,role_id,granted_dep,granted_site,user_role_id) VALUES (10,58,NULL,1,201);
INSERT INTO user_role (user_id,role_id,granted_dep,granted_site,user_role_id) VALUES (10,62,NULL,1,200);
INSERT INTO user_role (user_id,role_id,granted_dep,granted_site,user_role_id) VALUES (10,73,NULL,1,197);
INSERT INTO user_role (user_id,role_id,granted_dep,granted_site,user_role_id) VALUES (10,74,1,1,207);
INSERT INTO user_role (user_id,role_id,granted_dep,granted_site,user_role_id) VALUES (11,3,NULL,NULL,210);
INSERT INTO user_role (user_id,role_id,granted_dep,granted_site,user_role_id) VALUES (11,74,1,1,211);
INSERT INTO user_role (user_id,role_id,granted_dep,granted_site,user_role_id) VALUES (12,3,NULL,NULL,213);
INSERT INTO user_role (user_id,role_id,granted_dep,granted_site,user_role_id) VALUES (12,74,1,1,212);
SET IDENTITY_INSERT user_role OFF;

/*==============================================================*/
/* supplier data                                                */
/*==============================================================*/
SET IDENTITY_INSERT supplier ON;
INSERT INTO supplier (supp_id,supp_cd,supp_site,supp_nm,supp_address1,supp_address2,supp_address3,supp_city,supp_post,supp_attention1,supp_attention2,supp_tele1,supp_ext1,supp_tele2,supp_ext2,supp_fax1,supp_fax2,supp_pur_accnt,supp_pur_subant,supp_pur_cstcen,supp_ap_account,supp_ap_subacnt,supp_ap_cstcen,supp_bank,supp_curr_code,supp_cr_terms,supp_contact,cont_fr_date,cont_to_date,is_enabled,export_status,last_exp_file,is_air_tkt_supp,is_confirmed,promote_status,promote_msg,promote_date,confirm_date,supp_cnfm_sta,email_date,email_times,supp_country,last_modify_date) VALUES (1,'SP000001',1,'Dell','Address1',NULL,NULL,12,NULL,NULL,NULL,NULL,NULL,NULL,NULL,NULL,NULL,NULL,NULL,NULL,NULL,NULL,NULL,NULL,'RMB',NULL,NULL,'2008-01-01 00:00:00',NULL,0,2,NULL,1,0,2,NULL,NULL,'2009-01-12 08:14:06',1,NULL,0,1,'2008-11-01 19:25:14');
INSERT INTO supplier (supp_id,supp_cd,supp_site,supp_nm,supp_address1,supp_address2,supp_address3,supp_city,supp_post,supp_attention1,supp_attention2,supp_tele1,supp_ext1,supp_tele2,supp_ext2,supp_fax1,supp_fax2,supp_pur_accnt,supp_pur_subant,supp_pur_cstcen,supp_ap_account,supp_ap_subacnt,supp_ap_cstcen,supp_bank,supp_curr_code,supp_cr_terms,supp_contact,cont_fr_date,cont_to_date,is_enabled,export_status,last_exp_file,is_air_tkt_supp,is_confirmed,promote_status,promote_msg,promote_date,confirm_date,supp_cnfm_sta,email_date,email_times,supp_country,last_modify_date) VALUES (2,'SP000002',1,'Air ticket supplier','Address1',NULL,NULL,12,NULL,NULL,NULL,NULL,NULL,NULL,NULL,NULL,NULL,NULL,NULL,NULL,NULL,NULL,NULL,NULL,'RMB',NULL,NULL,'2009-01-04 00:00:00',NULL,0,2,NULL,0,0,2,NULL,NULL,'2009-01-12 08:14:11',1,NULL,0,1,'2009-01-11 20:16:36');
SET IDENTITY_INSERT supplier OFF; 

SET IDENTITY_INSERT purchase_ctgy ON;
INSERT INTO purchase_ctgy (pur_ctgy_id,pur_ctgy_desc,pur_ctgy_site,is_enabled) VALUES (1,'NPP',1,0);
SET IDENTITY_INSERT purchase_ctgy OFF;

SET IDENTITY_INSERT purchase_subctgy ON;
INSERT INTO purchase_subctgy (pur_subctgy_id,pur_ctgy_id,def_supplier,pur_subctgy_des,is_enabled,inspector) VALUES (1,1,1,'Notepad',0,6);
INSERT INTO purchase_subctgy (pur_subctgy_id,pur_ctgy_id,def_supplier,pur_subctgy_des,is_enabled,inspector) VALUES (2,1,1,'Desktop',0,6);
INSERT INTO purchase_subctgy (pur_subctgy_id,pur_ctgy_id,def_supplier,pur_subctgy_des,is_enabled,inspector) VALUES (3,1,2,'Airticket',0,8);
SET IDENTITY_INSERT purchase_subctgy OFF;
 
INSERT INTO supplier_history (supp_id,supp_cd,supp_site,supp_name,supp_address1,supp_address2,supp_address3,supp_city,supp_post,supp_attention1,supp_attention2,supp_tele1,supp_ext1,supp_tele2,supp_ext2,supp_fax1,supp_fax2,supp_pur_accnt,supp_pur_subant,supp_pur_cstcen,supp_ap_account,supp_ap_subacnt,supp_ap_cstcen,supp_bank,supp_curr_code,supp_cr_terms,supp_contact,cont_fr_date,cont_to_date,is_enabled,is_air_tkt_supp,promote_status,confirm_date,supp_country) VALUES (1,'SP000001',1,'Dell','Address1',NULL,NULL,12,NULL,NULL,NULL,NULL,NULL,NULL,NULL,NULL,NULL,NULL,NULL,NULL,NULL,NULL,NULL,NULL,'RMB',NULL,NULL,'2008-01-01 00:00:00',NULL,0,1,2,'2009-01-12 08:14:06',1);
INSERT INTO supplier_history (supp_id,supp_cd,supp_site,supp_name,supp_address1,supp_address2,supp_address3,supp_city,supp_post,supp_attention1,supp_attention2,supp_tele1,supp_ext1,supp_tele2,supp_ext2,supp_fax1,supp_fax2,supp_pur_accnt,supp_pur_subant,supp_pur_cstcen,supp_ap_account,supp_ap_subacnt,supp_ap_cstcen,supp_bank,supp_curr_code,supp_cr_terms,supp_contact,cont_fr_date,cont_to_date,is_enabled,is_air_tkt_supp,promote_status,confirm_date,supp_country) VALUES (2,'SP000002',1,'Air ticket supplier','Address1',NULL,NULL,12,NULL,NULL,NULL,NULL,NULL,NULL,NULL,NULL,NULL,NULL,NULL,NULL,NULL,NULL,NULL,NULL,'RMB',NULL,NULL,'2009-01-04 00:00:00',NULL,0,0,2,'2009-01-12 08:14:11',1);
 
SET IDENTITY_INSERT supplier_item ON;
INSERT INTO supplier_item (item_id,supp_id,pur_subctgy_id,curr_cd,item_sepc,item_unit_price,is_enabled,ref_erp_no) VALUES (1,1,1,'RMB','Inspiron 1420','3999.00',0,NULL);
INSERT INTO supplier_item (item_id,supp_id,pur_subctgy_id,curr_cd,item_sepc,item_unit_price,is_enabled,ref_erp_no) VALUES (2,1,1,'RMB','D630','9999.00',0,NULL);
INSERT INTO supplier_item (item_id,supp_id,pur_subctgy_id,curr_cd,item_sepc,item_unit_price,is_enabled,ref_erp_no) VALUES (3,2,3,'RMB','Air ticket','0.00',0,NULL);
SET IDENTITY_INSERT supplier_item OFF;

SET IDENTITY_INSERT hotel ON;
INSERT INTO hotel (hotel_id,hotel_nm,hotel_site,hotel_city,hotel_addr,hotel_curr,hotel_desc,hotel_tele,hotel_fax,hotel_level,cont_fr_date,cont_to_date,promote_status,is_enabled,promote_msg,promote_date,email_date,email_times,hotel_contact,hotel_email,hotel_spec) VALUES (1,'Holliday inn',1,14,NULL,'RMB',NULL,NULL,NULL,4,NULL,NULL,2,0,NULL,NULL,NULL,0,NULL,NULL,NULL);
SET IDENTITY_INSERT hotel OFF;

SET IDENTITY_INSERT hotel_room ON;
INSERT INTO hotel_room (room_id,hotel_id,room_nm,room_price,room_discount,room_desc,is_enabled,room_breakfast,room_network) VALUES (1,1,'Standard Room','500.00',0,NULL,0,NULL,NULL);
SET IDENTITY_INSERT hotel_room OFF;