INSERT INTO OA_FUNCTION (FUNC_ID, FUNC_NM, FUNC_DESC) VALUES 
	(11010020, 'global list system log', 'global list system log'),
    (11020010, 'global user monitor', 'global user monitor'),
    (11030010, 'function maintenance', 'function maintenance'),
    (11040010, 'menu maintenance', 'menu maintenance'),
    (11050010, 'role maintenance', 'role maintenance'),
    (11060010, 'global purchase category maintenance', 'global purchase category maintenance'),
    (11080010, 'metadata maintenance', 'metadata maintenance'),
    (11090010, 'global parameter maintenance', 'global parameter maintenance'),
    (11100010, 'global supplier maintenance', 'global supplier maintenance'),
    (11100070, 'global confirm supplier', 'global confirm supplier'),
    (11110020, 'list global country province city', 'list global country province city'),
    (11110070, 'promote country province city', 'promote country province city'),
    (11120010, 'global hotel maintenance', 'global hotel maintenance'),
    (11130010, 'site maintenance', 'site maintenance'),
    (11140020, 'list global user', 'list global user'),
    (11300010, 'email maintenance', 'email maintenance'),
    (12210020, 'list my request travel application', 'list my request travel application'),
    (12210030, 'create my request travel application', 'create my request travel application'),
    (12210040, 'edit my request travel application', 'edit my request travel application'),
    (12210050, 'delete my request travel application', 'delete my request travel application'),
    (12210060, 'view my request travel application', 'view my request travel application'),
    (12210140, 'select travel application', 'select travel application'),
    (12210220, 'withdraw my request travel application', 'withdraw my request travel application'),
    (12211010, 'approve travel application', 'approve travel application'),
    (12230020, 'list my expense', 'list my expense'),
    (12230030, 'create my expense', 'create my expense'),
    (12230040, 'edit my expense', 'edit my expense'),
    (12230050, 'delete my expense', 'delete my expense'),
    (12230060, 'view my expense', 'view my expense'),
    (12230070, 'withdraw my expense', 'withdraw my expense'),
    (12231010, 'expense approval', 'expense approval'),
    (12251010, 'approve capex request', 'approve capex request'),
    (12260020, 'list my request purchase request', 'list my request purchase request'),
    (12260021, 'list my delegate purchase request', 'list my delegate purchase request'),
    (12260030, 'create my request purchase request', 'create my request purchase request'),
    (12260031, 'create my delegate purchase request', 'create my delegate purchase request'),
    (12260040, 'edit my request purchase request', 'edit my request purchase request'),
    (12260041, 'edit my delegate purchase request', 'edit my delegate purchase request'),
    (12260050, 'delete my request purchase request', 'delete my request purchase request'),
    (12260051, 'delete my delegate purchase request', 'delete my delegate purchase request'),
    (12260060, 'view my request purchase request', 'view my request purchase request'),
    (12260061, 'view my delegate purchase request', 'view my delegate purchase request'),
    (12260070, 'withdraw my request purchase request', 'withdraw my request purchase request'),
    (12260071, 'withdraw my delegate purchase request', 'withdraw my delegate purchase request'),
    (12261010, 'approve purchase request', 'approve purchase request'),
    (12270130, 'receipt of purchase order', 'receipt of purchase order'),
    (12271020, 'list approve request of purchase order', 'list approve request of purchase order'),
    (12271040, 'approve approve request of purchase order', 'approve approve request of purchase order'),
    (12271060, 'view approve request of purchase order', 'view approve request of purchase order'),
    (13200010, 'global list approver delegate', 'global list approver delegate'),
    (13200011, 'self approver delegate maintenance', 'self approver delegate maintenance'),
    (21010020, 'site list system log', 'site list system log'),
    (21020010, 'site user monitor', 'site user monitor'),
    (21060010, 'site purchase category maintenance', 'site purchase category maintenance'),
    (21070010, 'currency maintenance', 'currency maintenance'),
    (21100010, 'site supplier maintenance', 'site supplier maintenance'),
    (21100070, 'site confirm supplier', 'site confirm supplier'),
    (21100110, 'view supplier base info', 'view supplier base info'),
    (21110010, 'country province city maintenance', 'country province city maintenance'),
    (21110020, 'list site country province city', 'list site country province city'),
    (21120010, 'site hotel maintenance', 'site hotel maintenance'),
    (21140010, 'user maintenance', 'user maintenance'),
    (21140020, 'list site user', 'list site user'),
    (21150010, 'expense category maintenance', 'expense category maintenance'),
    (21160010, 'exchange rate maintenance', 'exchange rate maintenance'),
    (21170010, 'site parameter maintenance', 'site parameter maintenance'),
    (21180010, 'department maintenance', 'department maintenance'),
    (21190010, 'travel group maintenance', 'travel group maintenance'),
    --(22210150, 'purchase travel application', 'purchase travel application'),
    (22220160, 'air ticket maintenance', 'air ticket maintenance'),
    (22230010, 'final confirm expense', 'final confirm expense'),
    (22230011, 'final claim expense', 'final claim expense'),
    (22230041, 'edit expense recharge', 'edit expense recharge'),
    (22240020, 'list yearly budget', 'list yearly budget'),
    (22240030, 'create yearly budget', 'create yearly budget'),
    (22240040, 'edit yearly budget', 'edit yearly budget'),
    (22240170, 'list history of yearly budget', 'list history of yearly budget'),
    (22240180, 'freeze/unfreeze yearly budget', 'freeze/unfreeze yearly budget'),
    (22252020, 'capex report', 'capex report'),
    (22260150, 'purchase purchase request', 'purchase purchase request'),
    (22270020, 'list purchase order', 'list purchase order'),
    (22270040, 'edit purchase order', 'edit purchase order'),
    (22270060, 'view purchase order(dialog)', 'view purchase order(dialog)'),
    (22270061, 'view purchase order', 'view purchase order'),
    (22270070, 'withdraw purchase order', 'withdraw purchase order'),
    (22270080, 'cancel purchase order', 'cancel purchase order'),
    (22270081, 'cancel purchase order item', 'cancel purchase order item'),
    (22270090, 'update erpNo of purchase orders', 'update erpNo of purchase orders'),
    (22270100, 'consolidate purchase orders', 'consolidate purchase orders'),
    (22270110, 'confirm purchase order', 'confirm purchase order'),
    (22270120, 'assign purchaser of purchase order', 'assign purchaser of purchase order'),
    (22272020, 'purchase order report', 'purchase order report'),
    (22272060, 'view purchase request(report)', 'view purchase request(report)'),
    (23210010, 'travel application approval rule maintenance', 'travel application approval rule maintenance'),
    (23230010, 'expense approval rule maintenance', 'expense approval rule maintenance'),
    (23230011, 'expense claim rule maintenance', 'expense claim rule maintenance'),
    (23250010, 'capex approve rule maintenance', 'capex approve rule maintenance'),
    (23260010, 'pr approve rule maintenance', 'pr approve rule maintenance'),
    (23260011, 'pr purchasing rule maintenance', 'pr purchasing rule maintenance'),
    (23270010, 'purchase order approval rule maintenance', 'purchase order approval rule maintenance'),
    (23270011, 'purchasing price control rule maintenance', 'purchasing price control rule maintenance'),
    (24210010, 'travel application filter rule maintenance', 'travel application filter rule maintenance'),
    (24230010, 'expense filter rule maintenance', 'expense filter rule maintenance'),
    (24240010, 'yearly budget filter rule maintenance', 'yearly budget filter rule maintenance'),
    (24250010, 'capex filter rule maintenance', 'capex filter rule maintenance'),
    (24260010, 'purchase request filter rule maintenance', 'purchase request filter rule maintenance'),
    (24270010, 'purchase order filter rule maintenance', 'purchase order filter rule maintenance'),
    (25210010, 'travel application approval flow maintenance', 'travel application approval flow maintenance'),
    (25210011, 'TA approval flow maintenance (web drag and draw)', 'travel application approval flow maintenance (web drag and draw)'),
    (25230010, 'expense approval flow maintenance', 'expense approval flow maintenance'),
    (25230011, 'expense claim flow maintenance', 'expense claim flow maintenance'),
    (25230012, 'expense approval flow maint (web drag and draw)', 'expense approval flow maintenance (web drag and draw)'),
    (25230013, 'expense claim flow maint (web drag and draw)', 'expense claim flow maintenance (web drag and draw)'),
    (25250010, 'capex approval flow maintenance', 'capex approval flow maintenance'),
    (25250011, 'capex approval flow maint (web drag and draw)', 'capex approval flow maintenance (web drag and draw)'),
    (25260010, 'pr approval flow maintenance', 'pr approval flow maintenance'),
    (25260011, 'pr purchasing flow maintenance', 'pr purchasing flow maintenance'),
    (25260012, 'pr approval flow maintenance (web drag and draw)', 'pr approval flow maintenance (web drag and draw)'),
    (25260013, 'pr purchasing flow maintenance (web drag and draw)', 'pr purchasing flow maintenance (web drag and draw)'),
    (25270010, 'po approval flow maintenance', 'po approval flow maintenance'),
    (25270011, 'purchasing price control flow maintenance', 'purchasing price control flow maintenance'),
    (25270012, 'po approval flow maintenance (web drag and draw)', 'po approval flow maintenance (web drag and draw)'),
    (25270013, 'purchasing control flow maint (web drag and draw)', 'purchasing price control flow maintenance (web drag and draw)'),
    (32210020, 'list my delegate travel application', 'list my delegate travel application'),
    (32210030, 'create my delegate travel application', 'create my delegate travel application'),
    (32210040, 'edit my deletgate travel application', 'edit my deletgate travel application'),
    (32210050, 'delete my delegate travel application', 'delete my delegate travel application'),
    (32210060, 'view my delegate travel application', 'view my delegate travel application'),
    (32210220, 'withdraw my delegate travel application', 'withdraw my delegate travel application'),
    (32210120, 'assign travel application', 'assign travel application'),
    (32210150, 'purchase travel application', 'purchase travel application'),
    (32212020, 'travel application report', 'travel application report'),
    (32230020, 'list delegate expense', 'list delegate expense'),
    (32230030, 'create delegate expense', 'create delegate expense'),
    (32230040, 'edit delegate expense', 'edit delegate expense'),
    (32230050, 'delete delegate expense', 'delete delegate expense'),
    (32230060, 'view delegate expense', 'view delegate expense'),
    (32230070, 'withdraw delegate expense', 'withdraw delegate expense'),
    (32232010, 'expense report', 'expense report'),
    (32240010, 'view yearly budget amount', 'view yearly budget amount'),
    (32240011, 'view expense budget amount', 'view expense budget amount'),
    (32250010, 'view capex amount', 'view capex amount'),
    (32250020, 'list capex request', 'list capex request'),
    (32250030, 'create capex request', 'create capex request'),
    (32250040, 'edit capex request', 'edit capex request'),
    (32250050, 'delete capex request', 'delete capex request'),
    (32250060, 'view capex request', 'view capex request'),
    (32250070, 'withdraw capex request', 'withdraw capex request'),
    (32260060, 'view purchase request(dialog)', 'view purchase request(dialog)'),
    (32260120, 'assign purchase request', 'assign purchase request'),
    (32262020, 'purchase request report', 'purchase request report'),
    (32262060, 'view purchase request(report)', 'view purchase request(report)'),
    (33200010, 'department list approver delegate', 'department list approver delegate'),
    (33200011, 'approver delegate maintenance', 'approver delegate maintenance');
    
INSERT INTO ROLE (ROLE_ID, ROLE_NM, ROLE_DESC, ROLE_TYPE) VALUES 
    (1, 'Global Admin (User Maintenance)', NULL, 1),
    (2, 'Site Admin (User Maintenance)', NULL, 2),
    (3, 'Approver (Expense)', NULL, 4),
    (4, 'Filter Route Maintainer    (Yearly Budget)', NULL, 2),
    (5, 'Global Admin (Site Maintenance)', NULL, 1),
    (6, 'Requestor (My Expense)', NULL, 4),
    (7, 'Route Maintainer (Capex Approval)', NULL, 2),
    (8, 'Route Maintainer (Purchase Request Approval)', NULL, 2),
    (9, 'Route Maintainer (Purchasing)', NULL, 2),
    (10, 'Route Maintainer (Purchasing Price Control)', NULL, 2),
    (11, 'Route Maintainer (Purchase Order Approval)', NULL, 2),
    (12, 'Route Maintainer (Expense Approval)', NULL, 2),
    (13, 'Route Maintainer (Expense Claim Control)', NULL, 2),
    (14, 'Route Maintainer (Traval Application Approval)', NULL, 2),
    (15, 'Requestor (My Delegate Expense)', NULL, 3),
    (16, 'Finance (Expensen Final Confirm)', NULL, 2),
    (17, 'Filter Route Maintainer (Capex)', NULL, 2),
    (18, 'Filter Route Maintainer (Purchase Request)', NULL, 2),
    (19, 'Filter Route Maintainer (Purchase Order)', NULL, 2),
    (20, 'Filter Route Maintainer (Expense)', NULL, 2),
    (21, 'Filter Route Maintainer (Travel Application)', NULL, 2),
    (22, 'Reporting (Expense)', NULL, 3),
    (23, 'Supervisor (Approver Delegate)', NULL, 3),
    (24, 'Global Admin (Approver Delegate)', NULL, 1),
    (25, 'Requestor (My Travel Application)', NULL, 4),
    (26, 'Requestor (My Delegate Travel Application)', NULL, 3),
    (27, 'Approver (Travel Application)', NULL, 4),
    (28, 'Purchaser (My Pending Travel Application)', NULL, 3),
    (29, 'Purchaser (My Received Air Ticket)', NULL, 2),
    (30, 'Supervisor (Travel Application Assign)', NULL, 3),
    (31, 'Reporting (Travel Application)', NULL, 3),
    (32, 'Requestor (My Capex Request)', NULL, 3),
    (33, 'Approver (Capex)', NULL, 4),
    (34, 'Requestor (My Purchase Request)', NULL, 4),
    (35, 'Requestor (My Delegate Purchase Request)', NULL, 4),
    (36, 'Global Admin (System Security)', NULL, 1),
    (37, 'Global Admin (System Control)', NULL, 1),
    (38, 'Site Admin (System Control)', NULL, 2),
    (39, 'Approver (Purchase Request)', NULL, 4),
    (40, 'Purchaser (My Pending Purchase Request)', NULL, 2),
    (41, 'Supervisor (Purchase Request Assign)', NULL, 3),
    (42, 'Reporting (Purchase Request)', NULL, 3),
    (43, 'Requestor (My PO Receipt)', NULL, 4),
    (44, 'Approver (Purchase Order)', NULL, 4),
    (45, 'Purchaser (My Purchase Order)', NULL, 2),
    (46, 'Finance (PO Final Confirm)', NULL, 2),
    (47, 'Finance (PO Cancel)', NULL, 2),
    (48, 'Supervisor (Purchase Order Assign)', NULL, 2),
    (49, 'Finance (Yearly Budget)', NULL, 2),
    (50, 'Finance (Freeze/Unfreeze Yearly Budget)', NULL, 2),
    (51, 'Global Admin (Purchase Category)', NULL, 1),
    (52, 'Site Admin (Purchase Category)', NULL, 2),
    (53, 'Global Admin (Currency)', NULL, 1),
    (54, 'Global Admin (Metadata)', NULL, 1),
    (55, 'Global Admin (Global Parameter)', NULL, 1),
    (56, 'Site Admin (Site Parameter)', NULL, 2),
    (57, 'Site Admin (Expense Category)', NULL, 2),
    (58, 'Site Admin (Exchange Rate)', NULL, 2),
    (59, 'Global Admin (Supplier)', NULL, 1),
    (60, 'Site Admin (Supplier)', NULL, 2),
    (61, 'Global Admin (Supplier Confirmation)', NULL, 1),
    (62, 'Site Admin (Supplier Confirmation)', NULL, 2),
    (63, 'Global Admin (Country/Province/City)', NULL, 1),
    (64, 'Site Admin (Country/Province/City)', NULL, 2),
    (65, 'Global Admin (Hotel)', NULL, 1),
    (66, 'Site Admin (Hotel)', NULL, 2),
    (67, 'Site Admin (Department Maintenance)', NULL, 2),
    (68, 'Site Admin (Travel Group)', NULL, 2),
    (69, 'Reporting (Capex)', NULL, 3),
    (70, 'Supervisor (View Yearly Budget Amount)', NULL, 3),
    (71, 'Supervisor (View Capex Amount)', NULL, 3),
    (72, 'Report (Purchase Order)', NULL, 2),
    (73, 'Finance (Expensen Final Claim)', NULL, 2),
    (74, 'Supervisor (View Expense Budget Amount)', NULL, 3);

INSERT INTO ROLE_FUNCTION (ROLE_ID, FUNC_ID) VALUES
    (1, 11140020),
    (1, 21140010),
    (2, 21140010),
    (2, 21140020),
    (3, 12231010),
    (3, 13200011),
    (4, 24240010),
    (5, 11130010),
    (6, 12210140),
    (6, 12230020),
    (6, 12230030),
    (6, 12230040),
    (6, 22230041),
    (6, 12230050),
    (6, 12230060),
    (6, 12230070),
    (7, 23250010),
    (7, 25250010),
    (7, 25250011),
    (8, 23260010),
    (8, 25260010),
    (8, 25260012),
    (9, 23260011),
    (9, 25260011),
    (9, 25260013),
    (10, 23270011),
    (10, 25270011),
    (10, 25270013),
    (11, 23270010),
    (11, 25270010),
    (11, 25270012),
    (12, 23230010),
    (12, 25230010),
    (12, 25230012),
    (13, 23230011),
    (13, 25230011),
    (13, 25230013),
    (14, 23210010),
    (14, 25210010),
    (14, 25210011),
    (15, 12210140),
    (15, 22230041),
    (15, 32230020),
    (15, 32230030),
    (15, 32230040),
    (15, 32230050),
    (15, 32230060),
    (15, 32230070),
    (16, 22230041),
    (16, 22230010),
    (17, 24250010),
    (18, 24260010),
    (19, 24270010),
    (20, 24230010),
    (21, 24210010),
    (22, 32232010),
    (23, 33200010),
    (23, 33200011),
    (24, 13200010),
    (24, 33200011),
    (25, 12210020),
    (25, 12210030),
    (25, 12210040),
    (25, 12210050),
    (25, 12210060),
    (25, 12210220),
    (26, 32210020),
    (26, 32210030),
    (26, 32210040),
    (26, 32210050),
    (26, 32210060),
    (26, 32210220),
    (27, 12211010),
    (27, 13200011),
    (28, 32210150),
    (29, 22220160),
    (30, 32210120),
    (31, 32212020),
    (32, 21100110),
    (32, 32250020),
    (32, 32250030),
    (32, 32250040),
    (32, 32250050),
    (32, 32250060),
    (32, 32250070),
    (33, 12251010),
    (33, 13200011),
    (34, 12260020),
    (34, 12260030),
    (34, 12260040),
    (34, 12260050),
    (34, 12260060),
    (34, 12260070),
    (34, 21100110),
    (35, 12260021),
    (35, 12260031),
    (35, 12260041),
    (35, 12260051),
    (35, 12260061),
    (35, 12260071),
    (35, 21100110),
    (36, 11030010),
    (36, 11040010),
    (36, 11050010),
    (37, 11010020),
    (37, 11020010),
    (38, 21010020),
    (38, 21020010),
    (39, 12260041),
    (39, 12261010),
    (39, 13200011),
    (40, 22260150),
    (40, 22270060),
    (41, 32260120),
    (42, 32262020),
    (43, 12270130),
    (44, 12271020),
    (44, 12271040),
    (44, 12271060),
    (44, 13200011),
    (44, 32260060),
    (45, 21100110),
    (45, 22270020),
    (45, 22270040),
    (45, 22270061),
    (45, 22270070),
    (45, 22270080),
    (45, 22270090),
    (45, 22270100),
    (45, 32260060),
    (46, 21100110),
    (46, 22270061),
    (46, 22270110),
    (46, 32260060),
    (47, 22270080),
    (47, 22270081),
    (48, 22270120),
    (49, 22240020),
    (49, 22240030),
    (49, 22240040),
    (49, 22240170),
    (50, 22240180),
    (51, 11060010),
    (52, 21060010),
    (53, 21070010),
    (54, 11080010),
    (55, 11090010),
    (56, 21170010),
    (57, 21150010),
    (58, 21160010),
    (59, 11100010),
    (60, 21100010),
    (61, 11100070),
    (62, 21100070),
    (63, 11110020),
    (63, 11110070),
    (63, 21110010),
    (64, 21110010),
    (64, 21110020),
    (65, 11120010),
    (66, 21120010),
    (67, 21180010),
    (68, 21190010),
    (69, 22252020),
    (70, 32240010),
    (71, 32250010),
    (72, 22272020),
    (72, 22272060),
    (73, 22230011),
    (74, 32240011);

INSERT INTO MENU (MENU_ID, MENU_NM, MENU_DESC, FUNC_ID, URL, PARENT_ID, ONCLICK, ONMOUSE_OVER, ONMOUSE_DOWN, SEC_MENU_NM, SEC_MENU_DESC) VALUES 
	(1, 'Global Administrator Menu', NULL, NULL, NULL, NULL, NULL, NULL, NULL, 'Global Administrator Menu', NULL),
    (11, 'System Control', NULL, NULL, NULL, 1, NULL, NULL, NULL, 'System Control', NULL),
    (111, 'System Log', NULL, 11010020, 'listSystemLog', 11, NULL, NULL, NULL, 'System Log', NULL),
    (112, 'Web Monitor', NULL, 11020010, 'listGlobalOnlineUser', 11, NULL, NULL, NULL, 'Web Monitor', NULL),
    (12, 'System Security', 'System Security', NULL, NULL, 1, NULL, NULL, NULL, 'System Security', NULL),
    (121, 'Security Permission', NULL, 11030010, 'listFunction', 12, NULL, NULL, NULL, 'Security Permission', NULL),
    (122, 'Menu', NULL, 11040010, 'listMenu', 12, NULL, NULL, NULL, 'Menu', NULL),
    (123, 'Role', NULL, 11050010, 'listRole', 12, NULL, NULL, NULL, 'Role', NULL),
    (13, 'System Parameter', NULL, NULL, NULL, 1, NULL, NULL, NULL, 'System Parameter', NULL),
    (131, 'Purchasing Category Maintenance', NULL, 11060010, 'listPurchaseCategory', 13, NULL, NULL, NULL, 'Purchasing Category Maintenance', NULL),
    (132, 'Currency Maintenance', NULL, 21070010, 'listCurrency', 13, NULL, NULL, NULL, 'Currency Maintenance', NULL),
    (133, 'Metadata Maintenance', NULL, 11080010, 'listMetadata', 13, NULL, NULL, NULL, 'Metadata Maintenance', NULL),
    (134, 'Global Parameter Setup', NULL, 11090010, 'editGlobalParameter', 13, NULL, NULL, NULL, 'Global Parameter Setup', NULL),
    (14, 'Supplier Maintenance', NULL, NULL, NULL, 1, NULL, NULL, NULL, 'Supplier Maintenance', NULL),
    (141, 'Supplier Maintenance', NULL, 11100010, 'listSupplier', 14, NULL, NULL, NULL, 'Supplier Maintenance', NULL),
    (142, 'Supplier Confirmation', NULL, 11100070, 'listConfirmSupplier', 14, NULL, NULL, NULL, 'Supplier Confirmation', NULL),
    (15, 'City & Hotel Maintenance', NULL, NULL, NULL, 1, NULL, NULL, NULL, 'City & Hotel Maintenance', NULL),
    (151, 'City Maintenance', NULL, 11110020, 'listCountryProvinceCity', 15, NULL, NULL, NULL, 'City Maintenance', NULL),
    (152, 'Hotel Maintenance', NULL, 11120010, 'listHotel', 15, NULL, NULL, NULL, 'Hotel Maintenance', NULL),
    (16, 'User Maintenance', NULL, 11140020, 'listGlobalUser', 1, NULL, NULL, NULL, 'User Maintenance', NULL),
    (17, 'Site Maintenance', NULL, 11130010, 'listSite', 1, NULL, NULL, NULL, 'Site Maintenance', NULL),
    (18, 'Approver Delegate', NULL, 13200010, 'listApprover', 1, NULL, NULL, NULL, 'Approver Delegate', NULL),
    (2, 'Site Administartor Menu', NULL, NULL, NULL, NULL, NULL, NULL, NULL, 'Site Administartor Menu', NULL),
    (21, 'System Control', NULL, NULL, NULL, 2, NULL, NULL, NULL, 'System Control', NULL),
    (211, 'System Log', NULL, 21010020, 'listSystemLog_site', 21, NULL, NULL, NULL, 'System Log', NULL),
    (212, 'Web Monitor', NULL, 21020010, 'listOnlineUser', 21, NULL, NULL, NULL, 'Web Monitor', NULL),
    (213, 'Alert Message', NULL, NULL, NULL, 21, NULL, NULL, NULL, 'Alert Message', NULL),
    (2131, 'Yearly Budget Filter', NULL, 24240010, 'listYearlyBudgetFilterRule', 213, NULL, NULL, NULL, 'Yearly Budget Filter', NULL),
    (2132, 'Capex Filter', NULL, 24250010, 'listCapexFilterRule', 213, NULL, NULL, NULL, 'Capex Filter', NULL),
    (2133, 'PR Filter', NULL, 24260010, 'listPurchaseRequestFilterRule', 213, NULL, NULL, NULL, 'PR Filter', NULL),
    (2134, 'PO Filter', NULL, 24270010, 'listPurchaseOrderFilterRule', 213, NULL, NULL, NULL, 'PO Filter', NULL),
    (2135, 'Expense Filter', NULL, 24230010, 'listExpenseFilterRule', 213, NULL, NULL, NULL, 'Expense Filter', NULL),
    (2136, 'TA Filter', NULL, 24210010, 'listTravelApplicationFilterRule', 213, NULL, NULL, NULL, 'TA Filter', NULL),
    (22, 'System Parameter', NULL, NULL, NULL, 2, NULL, NULL, NULL, 'System Parameter', NULL),
    (221, 'Purchasing Category Maintenance', NULL, 21060010, 'listPurchaseCategory_site', 22, NULL, NULL, NULL, 'Purchasing Category Maintenance', NULL),
    (222, 'Expense Category Maintenance', NULL, 21150010, 'listExpenseCategory', 22, NULL, NULL, NULL, 'Expense Category Maintenance', NULL),
    (223, 'Exchange Rate Maintenance', NULL, 21160010, 'listExchangeRate', 22, NULL, NULL, NULL, 'Exchange Rate Maintenance', NULL),
    (224, 'Site Parameter Setup', NULL, 21170010, 'editSiteParameter', 22, NULL, NULL, NULL, 'Site Parameter Setup', NULL),
    (23, 'Route Definition', NULL, NULL, NULL, 2, NULL, NULL, NULL, 'Route Definition', NULL),
    (231, 'Purchase Route', NULL, NULL, NULL, 23, NULL, NULL, NULL, 'Purchase Route', NULL),
    (2310, 'Capex Approval Rules', NULL, 23250010, 'listCapexApprovalRule', 231, NULL, NULL, NULL, 'Capex Approval Rules', NULL),
    (2311, 'Capex Approval Flow', NULL, 25250010, 'listCapexApprovalFlow', 231, NULL, NULL, NULL, 'Capex Approval Flow', NULL),
    (2312, 'PR Approval Rules', NULL, 23260010, 'listPRApprovalRule', 231, NULL, NULL, NULL, 'PR Approval Rules', NULL),
    (2313, 'PR Approval Flow', NULL, 25260010, 'listPRApprovalFlow', 231, NULL, NULL, NULL, 'PR Approval Flow', NULL),
    (2314, 'Purchasing Rules', NULL, 23260011, 'listPurchasingRule', 231, NULL, NULL, NULL, 'Purchasing Rules', NULL),
    (2315, 'Purchasing Flow', NULL, 25260011, 'listPurchasingFlow', 231, NULL, NULL, NULL, 'Purchasing Flow', NULL),
    (2316, 'Purchasing Price Control Rules', NULL, 23270011, 'listPurchasingPriceControlRule', 231, NULL, NULL, NULL, 'Purchasing Price Control Rules', NULL),
    (2317, 'Purchasing Price Control Flow', NULL, 25270011, 'listPurchasingPriceControlFlow', 231, NULL, NULL, NULL, 'Purchasing Price Control Flow', NULL),
    (2318, 'PO Approval Rules', NULL, 23270010, 'listPOApprovalRule', 231, NULL, NULL, NULL, 'PO Approval Rules', NULL),
    (2319, 'PO Approval Flow', NULL, 25270010, 'listPOApprovalFlow', 231, NULL, NULL, NULL, 'PO Approval Flow', NULL),
    (23110, 'Capex Approval Flow Web Draw and Draw', NULL, 25250011, 'listCapexApprovalFlowWebDragAndDraw', 231, NULL, NULL, NULL, 'Capex Approval Flow Web Draw and Draw', NULL),
    (23111, 'PR Approval Flow Web Draw and Draw', NULL, 25260012, 'listPRApprovalFlowWebDragAndDraw', 231, NULL, NULL, NULL, 'PR Approval Flow Web Draw and Draw', NULL),
    (23112, 'Purchasing Flow Web Draw and Draw', NULL, 25260013, 'listPurchasingFlowWebDragAndDraw', 231, NULL, NULL, NULL, 'Purchasing Flow Web Draw and Draw', NULL),
    (23113, 'Purchasing Price Control Flow Web Draw and Draw', NULL, 25270013, 'listPurchasingPriceControlFlowWebDragAndDraw', 231, NULL, NULL, NULL, 'Purchasing Price Control Flow Web Draw and Draw', NULL),
    (23114, 'PO Approval Flow Web Draw and Draw', NULL, 25270012, 'listPOApprovalFlowWebDragAndDraw', 231, NULL, NULL, NULL, 'PO Approval Flow Web Draw and Draw', NULL),
    (232, 'Expense Route', NULL, NULL, NULL, 23, NULL, NULL, NULL, 'Expense Route', NULL),
    (2321, 'Expense Approval Rules', NULL, 23230010, 'listExpenseApprovalRule', 232, NULL, NULL, NULL, 'Expense Approval Rules', NULL),
    (2322, 'Expense Approval Flow', NULL, 25230010, 'listExpenseApprovalFlow', 232, NULL, NULL, NULL, 'Expense Approval Flow', NULL),
    (2323, 'Expense Claim Control Rules', NULL, 23230011, 'listExpenseClaimRule', 232, NULL, NULL, NULL, 'Expense Claim Control Rules', NULL),
    (2324, 'Expense Claim Control Flow', NULL, 25230011, 'listExpenseClaimFlow', 232, NULL, NULL, NULL, 'Expense Claim Control Flow', NULL),
    (2325, 'Expense Approval Flow Web Drag and Draw', NULL, 25230012, 'listExpenseApprovalFlowWebDragAndDraw', 232, NULL, NULL, NULL, 'Expense Approval Flow Web Drag and Draw', NULL),
    (2326, 'Expense Claim Control Flow Web Drag and Draw', NULL, 25230013, 'listExpenseClaimFlowWebDragAndDraw', 232, NULL, NULL, NULL, 'Expense Claim Control Flow Web Drag and Draw', NULL),
    (233, 'Traveling Route', NULL, NULL, NULL, 23, NULL, NULL, NULL, 'Traveling Route', NULL),
    (2331, 'Traveling Approval Rules', NULL, 23210010, 'listTravelApprovalRule', 233, NULL, NULL, NULL, 'Traveling Approval Rules', NULL),
    (2332, 'Traveling Approval Flow', NULL, 25210010, 'listTravelApprovalFlow', 233, NULL, NULL, NULL, 'Traveling Approval Flow', NULL),
    (2333, 'Traveling Approval Flow Web Drag and Draw', NULL, 25210011, 'listTravelApprovalFlowWebDragAndDraw', 233, NULL, NULL, NULL, 'Traveling Approval Flow Web Drag and Draw', NULL),
    (24, 'Supplier Maintenance', NULL, NULL, NULL, 2, NULL, NULL, NULL, 'Supplier Maintenance', NULL),
    (241, 'Supplier Maintenance', NULL, 21100010, 'listSupplier_site', 24, NULL, NULL, NULL, 'Supplier Maintenance', NULL),
    (242, 'Supplier Confirmation', NULL, 21100070, 'listConfirmSupplier_site', 24, NULL, NULL, NULL, 'Supplier Confirmation', NULL),
    (25, 'City & Hotel Maintenance', NULL, NULL, NULL, 2, NULL, NULL, NULL, 'City & Hotel Maintenance', NULL),
    (251, 'City Maintenance', NULL, 21110020, 'listCountryProvinceCity_site', 25, NULL, NULL, NULL, 'City Maintenance', NULL),
    (252, 'Hotel Maintenance', NULL, 21120010, 'listHotel_site', 25, NULL, NULL, NULL, 'Hotel Maintenance', NULL),
    (26, 'User Maintenance', NULL, 21140020, 'listUser', 2, NULL, NULL, NULL, 'User Maintenance', NULL),
    (27, 'Department Maintenance', NULL, 21180010, 'listDepartment', 2, NULL, NULL, NULL, 'Department Maintenance', NULL),
    (28, 'Traveling Group Maintenance', NULL, 21190010, 'listTravelGroup', 2, NULL, NULL, NULL, 'Traveling Group Maintenance', NULL),
    (3, 'End User Menu', NULL, NULL, NULL, NULL, NULL, NULL, NULL, 'End User Menu', NULL),
    (31, 'Requestor', NULL, NULL, NULL, 3, NULL, NULL, NULL, 'Requestor', NULL),
    (311, 'My Capex Request', NULL, 32250020, 'listCapexRequest', 31, NULL, NULL, NULL, 'My Capex Request', NULL),
    (312, 'My Request PR', NULL, 12260020, 'listPurchaseRequest_self', 31, NULL, NULL, NULL, 'My Request PR', NULL),
    (313, 'My Delegate PR', NULL, 12260021, 'listPurchaseRequest_other', 31, NULL, NULL, NULL, 'My Delegate PR', NULL),
    (314, 'My PO Receipt', NULL, 12270130, 'listPurchaseOrderItem_receipt', 31, NULL, NULL, NULL, 'My PO Receipt', NULL),
    (315, 'My Expense Request', NULL, 12230020, 'listExpense_self', 31, NULL, NULL, NULL, 'My Expense Request', NULL),
    (316, 'My Delegate Expense Request', NULL, 32230020, 'listExpense_other', 31, NULL, NULL, NULL, 'My Delegate Expense Request', NULL),
    (317, 'My Request TA', NULL, 12210020, 'listTravelApplication_self', 31, NULL, NULL, NULL, 'My Request TA', NULL),
    (318, 'My Delegate TA', NULL, 32210020, 'listTravelApplication_other', 31, NULL, NULL, NULL, 'My Delegate TA', NULL),
    (32, 'Approver', NULL, NULL, NULL, 3, NULL, NULL, NULL, 'Approver', NULL),
    (321, 'Capex Approval', NULL, 12251010, 'listCapexRequestApproveRequest', 32, NULL, NULL, NULL, 'Capex Approval', NULL),
    (322, 'Purchase Request Approval', NULL, 12261010, 'listPurchaseRequestApproveRequest', 32, NULL, NULL, NULL, 'Purchase Request Approval', NULL),
    (323, 'Purchase Order Approval', NULL, 12271020, 'listPurchaseOrderApproveRequest', 32, NULL, NULL, NULL, 'Purchase Order Approval', NULL),
    (324, 'Expense Approval', NULL, 12231010, 'listExpenseApproveRequest', 32, NULL, NULL, NULL, 'Expense Approval', NULL),
    (325, 'Traveling Application Approval', NULL, 12211010, 'listTravelApplicationApproveRequest', 32, NULL, NULL, NULL, 'Traveling Application Approval', NULL),
    (326, 'My Approval Delegate', NULL, 13200011, 'listApproverDelegate_self', 32, NULL, NULL, NULL, 'My Approval Delegate', NULL),
    (33, 'Purchaser', NULL, NULL, NULL, 3, NULL, NULL, NULL, 'Purchaser', NULL),
    (331, 'My Pending PR', NULL, 22260150, 'listPurchaseRequest_purchase', 33, NULL, NULL, NULL, 'My Pending PR', NULL),
    (332, 'My Pending TA', NULL, 32210150, 'listTravelApplicationPurchase', 33, NULL, NULL, NULL, 'My Pending TA', NULL),
    (333, 'My Purchase Order', NULL, 22270020, 'listPurchaseOrder', 33, NULL, NULL, NULL, 'My Purchase Order', NULL),
    (334, 'My Received Air Ticket', NULL, 22220160, 'listAirTicket', 33, NULL, NULL, NULL, 'My Received Air Ticket', NULL),
    (34, 'Finance', NULL, NULL, NULL, 3, NULL, NULL, NULL, 'Finance', NULL),
    (341, 'Yearly Budget', NULL, 22240020, 'listYearlyBudget', 34, NULL, NULL, NULL, 'Yearly Budget', NULL),
    (342, 'Freeze & Unfreeze Yearly Budget', NULL, 22240180, 'listYearlyBudget_freeze', 34, NULL, NULL, NULL, 'Freeze & Unfreeze Yearly Budget', NULL),
    (343, 'PO Final Confirm', NULL, 22270110, 'listPurchaseOrder_confirm', 34, NULL, NULL, NULL, 'PO Final Confirm', NULL),
    (344, 'PO Cancel', NULL, 22270081, 'listPurchaseOrder_cancel', 34, NULL, NULL, NULL, 'PO Cancel', NULL),
    (345, 'Expense Final Confirm', NULL, 22230010, 'listExpense_finalConfirm', 34, NULL, NULL, NULL, 'Expense Final Confirm', NULL),
    (346, 'Expense Final Claim', NULL, 22230011, 'listExpense_finalClaim', 34, NULL, NULL, NULL, 'Expense Final Claim', NULL),
    (35, 'Supervisor', NULL, NULL, NULL, 3, NULL, NULL, NULL, 'Supervisor', NULL),
    (351, 'Approver Delegate', NULL, 33200010, 'listApprover_department', 35, NULL, NULL, NULL, 'Approver Delegate', NULL),
    (352, 'PO Assign', NULL, 22270120, 'listPurchaseOrder_assign', 35, NULL, NULL, NULL, 'PO Assign', NULL),
    (353, 'PR Assign', NULL, 32260120, 'listPurchaseRequest_assign', 35, NULL, NULL, NULL, 'PR Assign', NULL),
    (354, 'TA Assign', NULL, 32210120, 'listTravelApplication_assign', 35, NULL, NULL, NULL, 'TA Assign', NULL),
    (36, 'Reporting', NULL, NULL, NULL, 3, NULL, NULL, NULL, 'Reporting', NULL),
    (361, 'Purchase Request', NULL, 32262020, 'reportPurchaseRequest', 36, NULL, NULL, NULL, 'Purchase Request', NULL),
    (362, 'Expense', NULL, 32232010, 'reportExpense', 36, NULL, NULL, NULL, 'Expense', NULL),
    (363, 'Traveling Application', NULL, 32212020, 'reportTravelApplication', 36, NULL, NULL, NULL, 'Traveling Application', NULL),
    (364, 'Capex', NULL, 22252020, 'reportCapexRequest', 36, NULL, NULL, NULL, 'Capex', NULL),
    (365, 'User Role', NULL, 21140020, 'reportUserRole', 36, NULL, NULL, NULL, 'User Role', NULL),
    (366, 'Purchase Order', NULL, 22272020, 'reportPurchaseOrder', 36, NULL, NULL, NULL, 'Purchase Order', NULL);

INSERT INTO CURRENCY (CURR_CD, CURR_NM, IS_ENABLED) VALUES
    ('CNY', 'RMB', 0),
    ('USD', 'USD', 0),
    ('EUR', 'EUR', 0);
    
INSERT INTO COUNTRY (SHORT_NAME, ENG_NAME, SEC_NAME, IS_ENABLED, MAINT_SITE) VALUES
	('CHN', 'China','中国', 0, NULL),
    ('ARE', 'United Arab Emirates','阿拉伯联合酋长国', 0, NULL),
	('BHR', 'Bahrain','巴林', 0, NULL),
	('DZA', 'Algeria','阿尔及利亚', 0, NULL),
	('EGY', 'Egypt','埃及', 0, NULL),
	('IRQ', 'Iraq','伊拉克', 0, NULL),
	('JOR', 'Jordan','约旦', 0, NULL),
	('KWT', 'Kuwait','科威特', 0, NULL),
	('LBN', 'Lebanon','黎巴嫩', 0, NULL),
	('LBY', 'Libya','利比亚', 0, NULL),
	('MAR', 'Morocco','摩洛哥', 0, NULL),
	('OMN', 'Oman','阿曼', 0, NULL),
	('QAT', 'Qatar','卡塔尔', 0, NULL),
	('SAU', 'Saudi Arabia','沙特阿拉伯', 0, NULL),
	('SDN', 'Sudan','苏丹', 0, NULL),
	('SYR', 'Syria','叙利亚', 0, NULL),
	('TUN', 'Tunisia','突尼斯', 0, NULL),
	('YEM', 'Yemen','也门', 0, NULL),
	('IND', 'India','印度', 0, NULL),
	('ISR', 'Israel','以色列', 0, NULL),
	('JPN', 'Japan','日本', 0, NULL),
	('KOR', 'South Korea','南朝鲜', 0, NULL),
	('THA', 'Thailand','泰国', 0, NULL),
	('THA', 'Thailand','泰国', 0, NULL),
	('VNM', 'Vietnam','越南', 0, NULL),
	('BLR', 'Belarus','白俄罗斯', 0, NULL),
	('BGR', 'Bulgaria','保加利亚', 0, NULL),
	('ESP', 'Spain','西班牙', 0, NULL),
	('CZE', 'Czech Republic','捷克共和国', 0, NULL),
	('DNK', 'Denmark','丹麦', 0, NULL),
	('AUT', 'Austria','奥地利', 0, NULL),
	('CHE', 'Switzerland','瑞士', 0, NULL),
	('DEU', 'Germany','德国', 0, NULL),
	('LUX', 'Luxembourg','卢森堡', 0, NULL),
	('GRC', 'Greece','希腊', 0, NULL),
	('AUS', 'Australia','澳大利亚', 0, NULL),
	('CAN', 'Canada','加拿大', 0, NULL),
	('GBR', 'United Kingdom','英国', 0, NULL),
	('IRL', 'Ireland','爱尔兰', 0, NULL),
	('IND', 'India','印度', 0, NULL),
	('NZL', 'New Zealand','新西兰', 0, NULL),
	('ZAF', 'South Africa','南非', 0, NULL),
	('ARG', 'Argentina','阿根廷', 0, NULL),
	('BOL', 'Bolivia','玻利维亚', 0, NULL),
	('CHL', 'Chile','智利', 0, NULL),
	('COL', 'Colombia','哥伦比亚', 0, NULL),
	('CRI', 'Costa Rica','哥斯达黎加', 0, NULL),
	('DOM', 'Dominican Republic','多米尼加共和国', 0, NULL),
	('ECU', 'Ecuador','厄瓜多尔', 0, NULL),
	('ESP', 'Spain','西班牙', 0, NULL),
	('GTM', 'Guatemala','危地马拉', 0, NULL),
	('HND', 'Honduras','洪都拉斯', 0, NULL),
	('MEX', 'Mexico','墨西哥', 0, NULL),
	('NIC', 'Nicaragua','尼加拉瓜', 0, NULL),
	('PAN', 'Panama','巴拿马', 0, NULL),
	('PER', 'Peru','秘鲁', 0, NULL),
	('PRI', 'Puerto Rico','波多黎哥', 0, NULL),
	('PRY', 'Paraguay','巴拉圭', 0, NULL),
	('SLV', 'El Salvador','萨尔瓦多', 0, NULL),
	('URY', 'Uruguay','乌拉圭', 0, NULL),
	('VEN', 'Venezuela','委内瑞拉', 0, NULL),
	('EST', 'Estonia','爱沙尼亚', 0, NULL),
	('FIN', 'Finland','芬兰', 0, NULL),
	('BEL', 'Belgium','比利时', 0, NULL),
	('CAN', 'Canada','加拿大', 0, NULL),
	('CHE', 'Switzerland','瑞士', 0, NULL),
	('FRA', 'France','法国', 0, NULL),
	('LUX', 'Luxembourg','卢森堡', 0, NULL),
	('HRV', 'Croatia','克罗地亚', 0, NULL),
	('HUN', 'Hungary','匈牙利', 0, NULL),
	('ISL', 'Iceland','冰岛', 0, NULL),
	('CHE', 'Switzerland','瑞士', 0, NULL),
	('ITA', 'Italy','意大利', 0, NULL),
	('LTU', 'Lithuania','立陶宛', 0, NULL),
	('LVA', 'Latvia','拉脱维亚', 0, NULL),
	('MKD', 'Macedonia','马其顿王国', 0, NULL),
	('BEL', 'Belgium','比利时', 0, NULL),
	('NLD', 'Netherlands','荷兰', 0, NULL),
	('NOR', 'Norway','挪威', 0, NULL),
	('NOR', 'Norway','挪威', 0, NULL),
	('POL', 'Poland','波兰', 0, NULL),
	('BRA', 'Brazil','巴西', 0, NULL),
	('PRT', 'Portugal','葡萄牙', 0, NULL),
	('ROU', 'Romania','罗马尼亚', 0, NULL),
	('RUS', 'Russia','俄罗斯', 0, NULL),
	('SVK', 'Slovakia','斯洛伐克', 0, NULL),
	('SVN', 'Slovenia','斯洛文尼亚', 0, NULL),
	('ALB', 'Albania','阿尔巴尼亚', 0, NULL),
	('SWE', 'Sweden','瑞典', 0, NULL),
	('TUR', 'Turkey','土耳其', 0, NULL),
	('UKR', 'Ukraine','乌克兰', 0, NULL),
	('USA', 'United States','美国', 0, NULL);

INSERT INTO PROVINCE (COUNTRY_ID, ENG_NAME, SEC_NAME, IS_ENABLED, MAINT_SITE) VALUES
    (1,'Beijing','北京',0,NULL),
	(1,'Shanghai','上海',0,NULL),
	(1,'Tianjin','天津',0,NULL),
	(1,'Chongqing','重庆',0,NULL),
	(1,'HongKongS.A.R.','香港',0,NULL),
	(1,'MacauS.A.R.','澳门',0,NULL),
	(1,'Taiwan','台湾',0,NULL),
	(1,'Hebei','河北',0,NULL),
	(1,'Shanxi','山西',0,NULL),
	(1,'Henan','河南',0,NULL),
	(1,'Liaoning','辽宁',0,NULL),
	(1,'Jilin','吉林',0,NULL),
	(1,'Heilongjiang','黑龙江',0,NULL),
	(1,'NeiMongol','内蒙古',0,NULL),
	(1,'Jiangsu','江苏',0,NULL),
	(1,'Shandong','山东',0,NULL),
	(1,'Anhui','安徽',0,NULL),
	(1,'Zhejiang','浙江',0,NULL),
	(1,'Fujian','福建',0,NULL),
	(1,'Hubei','湖北',0,NULL),
	(1,'Hunan','湖南',0,NULL),
	(1,'Guangdong','广东',0,NULL),
	(1,'Guangxi','广西',0,NULL),
	(1,'Jiangxi','江西',0,NULL),
	(1,'Sichuan','四川',0,NULL),
	(1,'Guizhou','贵州',0,NULL),
	(1,'Yunnan','云南',0,NULL),
	(1,'Hainan','海南',0,NULL),
	(1,'Shaanxi','陕西',0,NULL),
	(1,'Gansu','甘肃',0,NULL),
	(1,'Tibet','西藏',0,NULL),
	(1,'Ningxia','宁夏',0,NULL),
	(1,'Qinghai','青海',0,NULL),
	(1,'Xinjiang','新疆',0,NULL);

INSERT INTO CITY (PROVINCE_ID, ENG_NAME, SEC_NAME, IS_ENABLED, MAINT_SITE) VALUES
    (1,'Beijing','北京',0,NULL),
	(2,'Shanghai','上海',0,NULL),
	(3,'Tianjin','天津',0,NULL),
	(4,'Chongqing','重庆',0,NULL),
	(4,'Fuling','涪陵',0,NULL),
	(4,'Lianhe','Lianhe',0,NULL),
	(4,'WanXian','万县',0,NULL),
	(5,'HongKong','香港',0,NULL),
	(5,'Xinjiulong','新九龙',0,NULL),
	(6,'Coloane','路h',0,NULL),
	(6,'Macao','澳门',0,NULL),
	(7,'Chang-hua','彰化',0,NULL),
	(7,'Chiayi','嘉义',0,NULL),
	(7,'Chi-lung','基隆',0,NULL),
	(7,'Hsin-chu','新竹',0,NULL),
	(7,'Hua-lien','花莲',0,NULL),
	(7,'I-lan','宜兰',0,NULL),
	(7,'Kao-hsiung','高雄',0,NULL),
	(7,'Miao-li','苗栗',0,NULL),
	(7,'Nan-t''ou','南投',0,NULL),
	(7,'P''eng-hu','澎湖',0,NULL),
	(7,'P''ing-tung','屏东',0,NULL),
	(7,'T''ai-chung','台中',0,NULL),
	(7,'T''ai-nan','台南',0,NULL),
	(7,'T''ai-tung','台东',0,NULL),
	(7,'T''ao-yuan','桃园',0,NULL),
	(7,'Taipei','台北',0,NULL),
	(7,'Yunlin','云林',0,NULL),
	(8,'Baoding','保定',0,NULL),
	(8,'Cangzhou','沧州',0,NULL),
	(8,'Chengde','承德',0,NULL),
	(8,'Handan','邯郸',0,NULL),
	(8,'Hengshui','衡水',0,NULL),
	(8,'Langfang','廊坊',0,NULL),
	(8,'Qinhuangdao','秦皇岛',0,NULL),
	(8,'Quzhou','曲周',0,NULL),
	(8,'Renqiu','任丘',0,NULL),
	(8,'Shijiazhuang','石家庄',0,NULL),
	(8,'Tangshan','唐山',0,NULL),
	(8,'Xingtai','邢台',0,NULL),
	(8,'Xuanhua','宣化',0,NULL),
	(8,'Zhangjiakou','张家口',0,NULL),
	(9,'Changzhi','长治',0,NULL),
	(9,'Datong','大同',0,NULL),
	(9,'Jincheng','晋城',0,NULL),
	(9,'Sanmen','三门',0,NULL),
	(9,'Taiyuan','太原',0,NULL),
	(9,'Yangquan','阳泉',0,NULL),
	(9,'Yuci','榆次',0,NULL),
	(10,'Anyang','安阳',0,NULL),
	(10,'Hebi','鹤壁',0,NULL),
	(10,'Jiaozuo','焦作',0,NULL),
	(10,'Kaifeng','开封',0,NULL),
	(10,'Luohe','漯河',0,NULL),
	(10,'Luoyang','洛阳',0,NULL),
	(10,'Nanyang','南阳',0,NULL),
	(10,'Pingdingshan','平顶山',0,NULL),
	(10,'Puyang','濮阳',0,NULL),
	(10,'Shangqiu','商丘',0,NULL),
	(10,'Suixian','睢县',0,NULL),
	(10,'Xinxiang','新乡',0,NULL),
	(10,'Xinyang','信阳',0,NULL),
	(10,'Xuchang','许昌',0,NULL),
	(10,'Zhengzhou','郑州',0,NULL),
	(10,'Zhoukou','周口',0,NULL),
	(10,'Zhumadian','驻马店',0,NULL),
	(11,'Anshan','鞍山',0,NULL),
	(11,'Beipiao','北票',0,NULL),
	(11,'Benxi','本溪',0,NULL),
	(11,'Chaoyang','朝阳',0,NULL),
	(11,'Dalian','大连',0,NULL),
	(11,'Dandong','丹东',0,NULL),
	(11,'Diaobingshan','调兵山',0,NULL),
	(11,'Fengcheng','凤城',0,NULL),
	(11,'Fushun','抚顺',0,NULL),
	(11,'Fuxin','阜新',0,NULL),
	(11,'Haicheng','海城',0,NULL),
	(11,'Jinxi','锦西',0,NULL),
	(11,'Jinzhou','锦州',0,NULL),
	(11,'Panshan','盘山',0,NULL),
	(11,'Shenyang','沈阳',0,NULL),
	(11,'Tieling','铁岭',0,NULL),
	(11,'Wafangdian','瓦房店',0,NULL),
	(11,'Xingcheng','兴城',0,NULL),
	(11,'Yingkou','营口',0,NULL),
	(12,'Baicheng','白城',0,NULL),
	(12,'Changchun','长春',0,NULL),
	(12,'Da''an','大安',0,NULL),
	(12,'Dunhua','敦化',0,NULL),
	(12,'Fuyu','扶余',0,NULL),
	(12,'Gongzhuling','公主岭',0,NULL),
	(12,'Hailong','海龙',0,NULL),
	(12,'Huadian','桦甸',0,NULL),
	(12,'Hunjiang','浑江',0,NULL),
	(12,'Ji''an','集安',0,NULL),
	(12,'Jilin','吉林',0,NULL),
	(12,'Jiutai','九台',0,NULL),
	(12,'Liaoyuan','辽源',0,NULL),
	(12,'Meihekou','梅河口',0,NULL),
	(12,'Siping','四平',0,NULL),
	(12,'Taonan','洮南',0,NULL),
	(12,'Tonghua','通化',0,NULL),
	(12,'Yanji','延吉',0,NULL),
	(13,'Acheng','阿城',0,NULL),
	(13,'Bei''an','北安',0,NULL),
	(13,'Daqing','大庆',0,NULL),
	(13,'Fujin','富锦',0,NULL),
	(13,'Harbin','哈尔滨',0,NULL),
	(13,'Hegang','鹤岗',0,NULL),
	(13,'Jiamusi','佳木斯',0,NULL),
	(13,'Jixi','鸡西',0,NULL),
	(13,'Mishan','密山',0,NULL),
	(13,'Mudanjiang','牡丹江',0,NULL),
	(13,'Qiqihar','齐齐哈尔',0,NULL),
	(13,'Qitaihe','七台河',0,NULL),
	(13,'Shuangcheng','双城',0,NULL),
	(13,'Shuangyashan','双鸭山',0,NULL),
	(13,'Suihua','绥化',0,NULL),
	(13,'Tieli','铁力',0,NULL),
	(13,'Yichun','伊春',0,NULL),
	(14,'Baotou','包头',0,NULL),
	(14,'Chifeng','赤峰',0,NULL),
	(14,'Huhehot','呼和浩特',0,NULL),
	(14,'Tongliao','通辽',0,NULL),
	(14,'UlanHot','乌兰浩特',0,NULL),
	(15,'Changzhou','常州',0,NULL),
	(15,'Danyang','丹阳',0,NULL),
	(15,'Huai''an','淮安',0,NULL),
	(15,'Lianyungang','连云港',0,NULL),
	(15,'Nanjing(Nanking)','南京',0,NULL),
	(15,'Nantong','南通',0,NULL),
	(15,'Suqian','宿迁',0,NULL),
	(15,'Suzhou','苏州',0,NULL),
	(15,'Taizhou','泰州',0,NULL),
	(15,'Wuxi','无锡',0,NULL),
	(15,'Xinghua','兴化',0,NULL),
	(15,'Xuzhou','徐州',0,NULL),
	(15,'Yancheng','盐城',0,NULL),
	(15,'Zhanjiang','镇江',0,NULL),
	(15,'Kunshan','昆山',0,NULL),
	(16,'Boshan','博山',0,NULL),
	(16,'Dezhou','德州',0,NULL),
	(16,'Dongying','东营',0,NULL),
	(16,'Echeng','垩城',0,NULL),
	(16,'Heze','荷泽',0,NULL),
	(16,'Jiaonan','胶南',0,NULL),
	(16,'Jiaoxian','胶县',0,NULL),
	(16,'Jinan','济南',0,NULL),
	(16,'Jining','济宁',0,NULL),
	(16,'Laiwu','莱芜',0,NULL),
	(16,'Laiyang','莱阳',0,NULL),
	(16,'Liaocheng','聊城',0,NULL),
	(16,'Linqing','临沂',0,NULL),
	(16,'Longkou','龙口',0,NULL),
	(16,'Pingdu','平度',0,NULL),
	(16,'Qingdao','青岛',0,NULL),
	(16,'Rizhao','日照',0,NULL),
	(16,'Tai''erzhuang','台儿庄',0,NULL),
	(16,'Tengxian','藤县',0,NULL),
	(16,'Weifang','潍坊',0,NULL),
	(16,'Weihai','威海',0,NULL),
	(16,'Wendeng','文登',0,NULL),
	(16,'Xintai','新泰',0,NULL),
	(16,'Yantai','烟台',0,NULL),
	(16,'Zaozhuang','枣庄',0,NULL),
	(16,'Zhucheng','诸城',0,NULL),
	(16,'Zibo','淄博',0,NULL),
	(17,'Anqing','安庆',0,NULL),
	(17,'Bengbu','蚌埠',0,NULL),
	(17,'ChaoXian','巢县',0,NULL),
	(17,'Chuzhou','滁州',0,NULL),
	(17,'Fuyang','阜阳',0,NULL),
	(17,'Hefei','合肥',0,NULL),
	(17,'Huaibei','淮北',0,NULL),
	(17,'Huainan','淮南',0,NULL),
	(17,'Lu''an','六安',0,NULL),
	(17,'Ma''anshan','马鞍山',0,NULL),
	(17,'Suzhou','宿州',0,NULL),
	(17,'Tongling','铜陵',0,NULL),
	(17,'Wuhu','芜湖',0,NULL),
	(17,'Xuancheng','宣城',0,NULL),
	(18,'Cixi','慈溪',0,NULL),
	(18,'Hangzhou','杭州',0,NULL),
	(18,'Jiaxing','嘉兴',0,NULL),
	(18,'Jinhua','金华',0,NULL),
	(18,'Linhai','临海',0,NULL),
	(18,'Ningbo','宁波',0,NULL),
	(18,'Quzhou','衢州',0,NULL),
	(18,'Rui''an','瑞安',0,NULL),
	(18,'Shaoxing','绍兴',0,NULL),
	(18,'Wenzhou','温州',0,NULL),
	(18,'Wuxing','吴兴',0,NULL),
	(18,'Xiashi','硖石',0,NULL),
	(18,'Yuyao','余姚',0,NULL),
	(18,'Zhuxi','诸暨',0,NULL),
	(19,'Fuzhou','福州',0,NULL),
	(19,'Gaoshan','高山',0,NULL),
	(19,'Longyan','龙岩',0,NULL),
	(19,'Nanping','南平',0,NULL),
	(19,'Quanzhou','泉州',0,NULL),
	(19,'Sanming','三明',0,NULL),
	(19,'Shaowu','邵武',0,NULL),
	(19,'Xiamen','厦门',0,NULL),
	(19,'Yong''an','永安',0,NULL),
	(19,'Zao''an','诏安',0,NULL),
	(19,'Zhangzhou','漳州',0,NULL),
	(20,'Danjiangkou','丹江口',0,NULL),
	(20,'Enshi','恩施',0,NULL),
	(20,'Guangshui','广水',0,NULL),
	(20,'Huangshi','黄石',0,NULL),
	(20,'Jingmen','荆门',0,NULL),
	(20,'Laohekou','老河口',0,NULL),
	(20,'Puqi','蒲圻',0,NULL),
	(20,'Shashi','沙市',0,NULL),
	(20,'Shishou','石首',0,NULL),
	(20,'Shiyan','十堰',0,NULL),
	(20,'Tianmen','天门',0,NULL),
	(20,'Wuhan','武汉',0,NULL),
	(20,'Xiangfan','襄樊',0,NULL),
	(20,'Xianning','咸宁',0,NULL),
	(20,'Xiantao','仙桃',0,NULL),
	(20,'Xiaogan','孝感',0,NULL),
	(20,'Yichang','宜昌',0,NULL),
	(20,'Zaoyang','枣阳',0,NULL),
	(21,'Changde','常德',0,NULL),
	(21,'Changsha','长沙',0,NULL),
	(21,'Hengyang','衡阳',0,NULL),
	(21,'Huaihua','怀化',0,NULL),
	(21,'Leiyang','耒阳',0,NULL),
	(21,'Lengshuijiang','冷水江',0,NULL),
	(21,'Liling','醴陵',0,NULL),
	(21,'Loudi','娄底',0,NULL),
	(21,'Shaoyang','邵阳',0,NULL),
	(21,'Xiangtan','湘潭',0,NULL),
	(21,'Yiyang','益阳',0,NULL),
	(21,'Yuanjiang','沅江',0,NULL),
	(21,'Yueyang','岳阳',0,NULL),
	(21,'Zhuzhou','株洲',0,NULL),
	(21,'Zixing','资兴',0,NULL),
	(22,'Chaoan','潮安',0,NULL),
	(22,'Dongguan','东莞',0,NULL),
	(22,'Guangzhou(Canton)','广州',0,NULL),
	(22,'Heyuan','河源',0,NULL),
	(22,'Huizhou','惠州',0,NULL),
	(22,'Jiangmen','江门',0,NULL),
	(22,'Maoming','茂名',0,NULL),
	(22,'Meixian','梅县',0,NULL),
	(22,'Shantou','汕头',0,NULL),
	(22,'Shanwei','汕尾',0,NULL),
	(22,'Shaoguan','韶关',0,NULL),
	(22,'Shenzhen','深圳',0,NULL),
	(22,'Yangjiang','阳江',0,NULL),
	(22,'Zhanjiang','湛江',0,NULL),
	(22,'Zhaoqing','肇庆',0,NULL),
	(22,'Zhongshan','中山',0,NULL),
	(23,'Beihai','北海',0,NULL),
	(23,'Guicheng','桂城',0,NULL),
	(23,'Guilin','桂林',0,NULL),
	(23,'Liuzhou','柳州',0,NULL),
	(23,'Nanning','南宁',0,NULL),
	(23,'Qinzhou','钦州',0,NULL),
	(23,'Wuzhou','梧州',0,NULL),
	(23,'Yulin','玉林',0,NULL),
	(24,'Fuzhou','抚州',0,NULL),
	(24,'Ganzhou','赣州',0,NULL),
	(24,'Hechuan','禾川',0,NULL),
	(24,'Jingdezhen','景德镇',0,NULL),
	(24,'Jiujiang','九江',0,NULL),
	(24,'Longnan','龙南',0,NULL),
	(24,'Nanchang','南昌',0,NULL),
	(24,'Pingxiang','萍乡',0,NULL),
	(24,'Qingjiang','琴江',0,NULL),
	(24,'Ruijin','瑞金',0,NULL),
	(24,'Shangrao','上饶',0,NULL),
	(24,'Tengtian','藤田',0,NULL),
	(24,'Xinyu','新余',0,NULL),
	(24,'Yichun','宜春',0,NULL),
	(25,'Chengdu','成都',0,NULL),
	(25,'Daxian','达县',0,NULL),
	(25,'Deyang','德阳',0,NULL),
	(25,'Dukou','渡口',0,NULL),
	(25,'Guangyuan','广元',0,NULL),
	(25,'Huaying','华蓥',0,NULL),
	(25,'Jiangyou','江油',0,NULL),
	(25,'Leshan','乐山',0,NULL),
	(25,'Luzhou','泸州',0,NULL),
	(25,'Mianyang','绵阳',0,NULL),
	(25,'Nanchong','南充',0,NULL),
	(25,'Neijiang','内江',0,NULL),
	(25,'Quxian','渠县',0,NULL),
	(25,'Suining','遂宁',0,NULL),
	(25,'Xichang','西昌',0,NULL),
	(25,'Ya''an','雅安',0,NULL),
	(25,'Yibin','宜宾',0,NULL),
	(25,'Zigong','自贡',0,NULL),
	(26,'Anshun','安顺',0,NULL),
	(26,'Duyun','都匀',0,NULL),
	(26,'Guiyang','贵阳',0,NULL),
	(26,'Kaili','凯里',0,NULL),
	(26,'Liupanshui','六盘水',0,NULL),
	(26,'Tongren','铜仁',0,NULL),
	(26,'Xingyi','兴义',0,NULL),
	(26,'Zunyi','遵义',0,NULL),
	(27,'Chuxiong','楚雄',0,NULL),
	(27,'Dongchuan','东川',0,NULL),
	(27,'Gejiu','个旧',0,NULL),
	(27,'Kunming','昆明',0,NULL),
	(27,'Qujing','曲靖',0,NULL),
	(27,'Rongcheng','榕城',0,NULL),
	(27,'Xiaguan','下关',0,NULL),
	(27,'Zhaotong','昭通',0,NULL),
	(28,'Haikou','海口',0,NULL),
	(28,'Sanya','三亚',0,NULL),
	(28,'Boao','博敖',0,NULL),
	(29,'Ankang','安康',0,NULL),
	(29,'Baoji','宝鸡',0,NULL),
	(29,'Hanzhong','汉中',0,NULL),
	(29,'Tongguan','潼关',0,NULL),
	(29,'Weinan','渭南',0,NULL),
	(29,'Xi''an','西安',0,NULL),
	(29,'Xianyang','咸阳',0,NULL),
	(29,'Yan''an','延安',0,NULL),
	(30,'Anxi','安西',0,NULL),
	(30,'Baiyin','白银',0,NULL),
	(30,'Jinchuan','泾川',0,NULL),
	(30,'Jinta','金塔',0,NULL),
	(30,'Lanzhou','兰州',0,NULL),
	(30,'Pingliang','平凉',0,NULL),
	(30,'Wuwei','武威',0,NULL),
	(30,'Yumen','玉门',0,NULL),
	(30,'Zhangye','张掖',0,NULL),
	(31,'Lhasa','拉萨',0,NULL),
	(31,'Nagqu','那曲',0,NULL),
	(31,'Qamdo','昌都',0,NULL),
	(32,'Shizuishan','石嘴山',0,NULL),
	(32,'Tianshui','天水',0,NULL),
	(32,'Yinchuan','银川',0,NULL),
	(32,'Zhongwei','中卫',0,NULL),
	(33,'DaQaidam','大柴达木',0,NULL),
	(33,'Dulan','都兰',0,NULL),
	(33,'Golmud','格尔木',0,NULL),
	(33,'Xining','西宁',0,NULL),
	(33,'Yushu','玉树',0,NULL),
	(34,'Hami','哈密',0,NULL),
	(34,'Hotan','和田',0,NULL),
	(34,'Karamay','克拉玛依',0,NULL),
	(34,'Kashgar','喀什葛尔',0,NULL),
	(34,'Kuytun','奎屯',0,NULL),
	(34,'Shihezi','石河子',0,NULL),
	(34,'Urumqi','乌鲁木齐',0,NULL);

INSERT INTO SITE (SITE_NM, SITE_MGR, SITE_CURR, SITE_LOGO, CAN_RECHARGE, IS_ENABLED, SITE_CITY, SITE_ACTIVITY) VALUES
    ('DELEGATION CHINA', NULL, 'CNY', NULL, 0, 0, 1, 'Saint-Gobain Investment');

INSERT INTO OA_USER (USER_CD, USER_PWD, USER_NM, GENDER, EMAIL, TELE_NO, PRIMARY_SITE, PWD_HINT_QUEST, PWD_HINT_ANSWER, LAST_LOGIN_TIME, LOGIN_FAIL_TIME, IS_ENABLED, LOCALE) VALUES
    ('admin','21232F297A57A5A743894A0E4A801FC3','Administator', 0, 'ADMIN@SAINT.COM', NULL, 1, NULL, NULL, NULL, 0, 0, 'EN');

INSERT INTO USER_ROLE (USER_ID, ROLE_ID, GRANTED_DEP, GRANTED_SITE) VALUES
    (1, 1, NULL, NULL),
    (1, 5, NULL, NULL),
    (1, 24, NULL, NULL),
    (1, 36, NULL, NULL),
    (1, 37, NULL, NULL),
    --(1, 51, NULL, NULL),
    (1, 53, NULL, NULL),
    (1, 54, NULL, NULL),
    (1, 55, NULL, NULL),
    --(1, 59, NULL, NULL),
    --(1, 61, NULL, NULL),
    (1, 63, NULL, NULL);
    --(1, 65, NULL, NULL)
    
INSERT INTO GLOBAL_PARA(MIN_PWD_LEN, PWD_EXPIRE_DAY, MAX_WRG_PWD_LMT, IS_LDAP_AUTH) VALUES
    (6, 60, 5, 1);